Date,TRDPRC_1
2010-01-04,2.1965
2010-01-05,2.1786
2010-01-06,2.2055
2010-01-07,2.187
2010-01-08,2.2065
2010-01-11,2.1683
2010-01-12,2.112
2010-01-13,2.098
2010-01-14,2.076
2010-01-15,2.0493
2010-01-19,2.044
2010-01-20,2.0241
2010-01-21,1.9823
2010-01-22,1.9345
2010-01-25,1.964
2010-01-26,1.9509
2010-01-27,1.918
2010-01-28,1.926
2010-01-29,1.9015
2010-02-01,1.9681
2010-02-02,2.0274
2010-02-03,2.024
2010-02-04,1.9274
2010-02-05,1.8955
2010-02-08,1.885
2010-02-09,1.9365
2010-02-10,1.9525
2010-02-11,1.9657
2010-02-12,1.9242
2010-02-16,2.0015
2010-02-17,2.005
2010-02-18,2.0399
2010-02-19,2.0767
2010-02-22,2.075
2010-02-23,2.0385
2010-02-24,2.0529
2010-02-25,1.992
2010-02-26,2.0222
2010-03-01,2.0327
2010-03-02,2.0588
2010-03-03,2.096
2010-03-04,2.0798
2010-03-05,2.106
2010-03-08,2.1053
2010-03-09,2.0906
2010-03-10,2.116
2010-03-11,2.1191
2010-03-12,2.095
2010-03-15,2.062
2010-03-16,2.123
2010-03-17,2.139
2010-03-18,2.1183
2010-03-19,2.082
2010-03-22,2.0875
2010-03-23,2.1016
2010-03-24,2.062
2010-03-25,2.0619
2010-03-26,2.0765
2010-03-29,2.124
2010-03-30,2.1275
2010-03-31,2.1691
2010-04-01,2.2266
2010-04-05,2.2708
2010-04-06,2.2603
2010-04-07,2.2405
2010-04-08,2.2341
2010-04-09,2.226
2010-04-12,2.2192
2010-04-13,2.2074
2010-04-14,2.2422
2010-04-15,2.2515
2010-04-16,2.2125
2010-04-19,2.169
2010-04-20,2.1898
2010-04-21,2.207
2010-04-22,2.211
2010-04-23,2.2525
2010-04-26,2.233
2010-04-27,2.2185
2010-04-28,2.2247
2010-04-29,2.263
2010-04-30,2.2899
2010-05-03,2.3405
2010-05-04,2.2495
2010-05-05,2.1796
2010-05-06,2.1065
2010-05-07,2.093
2010-05-10,2.13
2010-05-11,2.1336
2010-05-12,2.1617
2010-05-13,2.1295
2010-05-14,2.068
2010-05-17,1.9979
2010-05-18,1.9584
2010-05-19,1.9452
2010-05-20,1.885
2010-05-21,1.912
2010-05-24,1.901
2010-05-25,1.8951
2010-05-26,1.918
2010-05-27,2.0045
2010-05-28,1.9904
2010-06-01,1.9598
2010-06-02,2.0239
2010-06-03,2.0355
2010-06-04,1.949
2010-06-07,1.9566
2010-06-08,1.967
2010-06-09,1.9958
2010-06-10,2.0384
2010-06-11,2.0181
2010-06-14,2.0115
2010-06-15,2.0685
2010-06-16,2.1112
2010-06-17,2.1442
2010-06-18,2.1341
2010-06-21,2.1371
2010-06-22,2.1075
2010-06-23,2.0575
2010-06-24,2.0594
2010-06-25,2.1175
2010-06-28,2.0922
2010-06-29,2.0075
2010-06-30,1.9872
2010-07-01,1.932
2010-07-02,1.9204
2010-07-06,1.928
2010-07-07,1.9965
2010-07-08,2.0171
2010-07-09,2.0362
2010-07-12,1.9945
2010-07-13,2.0465
2010-07-14,2.03
2010-07-15,2.0283
2010-07-16,2.01
2010-07-19,2.0158
2010-07-20,2.0312
2010-07-21,1.9901
2010-07-22,2.06
2010-07-23,2.0498
2010-07-26,2.042
2010-07-27,1.9905
2010-07-28,1.995
2010-07-29,2.0348
2010-07-30,2.0518
2010-08-02,2.158
2010-08-03,2.1978
2010-08-04,2.2
2010-08-05,2.1939
2010-08-06,2.1525
2010-08-09,2.1562
2010-08-10,2.125
2010-08-11,2.0591
2010-08-12,2.0015
2010-08-13,2.0037
2010-08-16,1.9857
2010-08-17,2.02
2010-08-18,2.021
2010-08-19,2.0037
2010-08-20,1.975
2010-08-23,1.9571
2010-08-24,1.932
2010-08-25,1.98
2010-08-26,2.0033
2010-08-27,2.0543
2010-08-30,2.015
2010-08-31,1.973
2010-09-01,2.0391
2010-09-02,2.057
2010-09-03,2.0516
2010-09-07,2.0648
2010-09-08,2.0829
2010-09-09,2.0632
2010-09-10,2.1014
2010-09-13,2.1211
2010-09-14,2.126
2010-09-15,2.126
2010-09-16,2.0959
2010-09-17,2.1005
2010-09-20,2.14
2010-09-21,2.1103
2010-09-22,2.1093
2010-09-23,2.1088
2010-09-24,2.1298
2010-09-27,2.117
2010-09-28,2.133
2010-09-29,2.1952
2010-09-30,2.2515
2010-10-01,2.2981
2010-10-04,2.2833
2010-10-05,2.299
2010-10-06,2.3101
2010-10-07,2.252
2010-10-08,2.2893
2010-10-11,2.2783
2010-10-12,2.261
2010-10-13,2.3011
2010-10-14,2.285
2010-10-15,2.2351
2010-10-18,2.2724
2010-10-19,2.1862
2010-10-20,2.2535
2010-10-21,2.22
2010-10-22,2.26
2010-10-25,2.256
2010-10-26,2.2444
2010-10-27,2.2391
2010-10-28,2.2386
2010-10-29,2.2184
2010-11-01,2.275
2010-11-02,2.3066
2010-11-03,2.333
2010-11-04,2.3736
2010-11-05,2.3945
2010-11-08,2.392
2010-11-09,2.4019
2010-11-10,2.4436
2010-11-11,2.4285
2010-11-12,2.363
2010-11-15,2.3645
2010-11-16,2.3086
2010-11-17,2.251
2010-11-18,2.3034
2010-11-19,2.2712
2010-11-22,2.2655
2010-11-23,2.2475
2010-11-24,2.3306
2010-11-26,2.3192
2010-11-29,2.3609
2010-11-30,2.2978
2010-12-01,2.4052
2010-12-02,2.4468
2010-12-03,2.495
2010-12-06,2.4662
2010-12-07,2.4576
2010-12-08,2.466
2010-12-09,2.4768
2010-12-10,2.4589
2010-12-13,2.4565
2010-12-14,2.4611
2010-12-15,2.4784
2010-12-16,2.4755
2010-12-17,2.4745
2010-12-20,2.4825
2010-12-21,2.5188
2010-12-22,2.528
2010-12-23,2.5453
2010-12-27,2.509
2010-12-28,2.52
2010-12-29,2.5171
2010-12-30,2.4747
2010-12-31,2.5341
2011-01-03,2.5576
2011-01-04,2.502
2011-01-05,2.5462
2011-01-06,2.5145
2011-01-07,2.5008
2011-01-10,2.5619
2011-01-11,2.604
2011-01-12,2.6186
2011-01-13,2.6203
2011-01-14,2.645
2011-01-18,2.642
2011-01-19,2.6562
2011-01-20,2.62
2011-01-21,2.6605
2011-01-24,2.618
2011-01-25,2.6063
2011-01-26,2.68
2011-01-27,2.6547
2011-01-28,2.6929
2011-01-31,2.7358
2011-02-01,2.759
2011-02-02,2.7798
2011-02-03,2.7638
2011-02-04,2.7248
2011-02-07,2.7074
2011-02-08,2.7335
2011-02-09,2.769
2011-02-10,2.7304
2011-02-11,2.709
2011-02-14,2.7454
2011-02-15,2.735
2011-02-16,2.7796
2011-02-17,2.73
2011-02-18,2.715
2011-02-22,2.8031
2011-02-23,2.916
2011-02-24,2.8775
2011-02-25,2.939
2011-02-28,2.928
2011-03-01,3.049
2011-03-02,3.062
2011-03-03,3.0493
2011-03-04,3.092
2011-03-07,3.0472
2011-03-08,3.0111
2011-03-09,3.0727
2011-03-10,3.0409
2011-03-11,3.0215
2011-03-14,3.0583
2011-03-15,2.9435
2011-03-16,2.9985
2011-03-17,3.0593
2011-03-18,3.0339
2011-03-21,3.0375
2011-03-22,3.0745
2011-03-23,3.0504
2011-03-24,3.0657
2011-03-25,3.0594
2011-03-28,3.0225
2011-03-29,3.0373
2011-03-30,3.0426
2011-03-31,3.0969
2011-04-01,3.1404
2011-04-04,3.1575
2011-04-05,3.177
2011-04-06,3.187
2011-04-07,3.205
2011-04-08,3.3204
2011-04-11,3.2373
2011-04-12,3.1864
2011-04-13,3.2085
2011-04-14,3.2007
2011-04-15,3.2315
2011-04-18,3.1921
2011-04-19,3.157
2011-04-20,3.2207
2011-04-21,3.2018
2011-04-25,3.186
2011-04-26,3.2045
2011-04-27,3.2446
2011-04-28,3.2346
2011-04-29,3.2609
2011-05-02,3.2421
2011-05-03,3.1885
2011-05-04,3.1384
2011-05-05,2.8996
2011-05-06,2.8688
2011-05-09,2.97
2011-05-10,3.0059
2011-05-11,2.9108
2011-05-12,2.9095
2011-05-13,2.941
2011-05-16,2.8583
2011-05-17,2.8696
2011-05-18,2.8965
2011-05-19,2.895
2011-05-20,2.92
2011-05-23,2.8454
2011-05-24,2.904
2011-05-25,2.9815
2011-05-26,2.981
2011-05-27,2.99
2011-05-31,3.0413
2011-06-01,3.014
2011-06-02,3.0561
2011-06-03,3.0643
2011-06-06,3.0096
2011-06-07,3.072
2011-06-08,3.0848
2011-06-09,3.1377
2011-06-10,3.0981
2011-06-13,3.0988
2011-06-14,3.127
2011-06-15,3.0135
2011-06-16,3.008
2011-06-17,2.9854
2011-06-20,2.925
2011-06-21,2.88
2011-06-22,2.9305
2011-06-23,2.8384
2011-06-24,2.7675
2011-06-27,2.7689
2011-06-28,2.83
2011-06-29,2.9217
2011-06-30,2.9363
2011-07-01,2.922
2011-07-05,2.9595
2011-07-06,2.9779
2011-07-07,3.1023
2011-07-08,3.0976
2011-07-11,3.0853
2011-07-12,3.06
2011-07-13,3.099
2011-07-14,3.092
2011-07-15,3.129
2011-07-18,3.0855
2011-07-19,3.1004
2011-07-20,3.118
2011-07-21,3.1053
2011-07-22,3.1243
2011-07-25,3.0966
2011-07-26,3.1033
2011-07-27,3.0895
2011-07-28,3.1055
2011-07-29,3.0919
2011-08-01,3.0926
2011-08-02,3.0754
2011-08-03,3.028
2011-08-04,2.9039
2011-08-05,2.95
2011-08-08,2.821
2011-08-09,2.8302
2011-08-10,2.8514
2011-08-11,2.8953
2011-08-12,2.9055
2011-08-15,2.9425
2011-08-16,2.9473
2011-08-17,2.9665
2011-08-18,2.8667
2011-08-19,2.9263
2011-08-22,2.912
2011-08-23,2.9589
2011-08-24,2.9605
2011-08-25,2.9855
2011-08-26,3.0053
2011-08-29,3.0167
2011-08-30,3.065
2011-08-31,3.0781
2011-09-01,3.0505
2011-09-02,3.0022
2011-09-06,3.0221
2011-09-07,3.0803
2011-09-08,3.0408
2011-09-09,2.9843
2011-09-12,2.956
2011-09-13,2.936
2011-09-14,2.9403
2011-09-15,3.0185
2011-09-16,2.9977
2011-09-19,2.9498
2011-09-20,2.956
2011-09-21,2.9115
2011-09-22,2.8494
2011-09-23,2.8049
2011-09-26,2.8205
2011-09-27,2.8768
2011-09-28,2.815
2011-09-29,2.8455
2011-09-30,2.772
2011-10-03,2.7417
2011-10-04,2.7753
2011-10-05,2.7754
2011-10-06,2.8601
2011-10-07,2.8591
2011-10-10,2.9089
2011-10-11,2.8967
2011-10-12,2.929
2011-10-13,2.975
2011-10-14,3.0612
2011-10-17,3.005
2011-10-18,3.0354
2011-10-19,2.9886
2011-10-20,3.0285
2011-10-21,3.024
2011-10-24,3.045
2011-10-25,3.0472
2011-10-26,3.02
2011-10-27,3.0982
2011-10-28,3.0601
2011-10-31,3.0528
2011-11-01,3.0253
2011-11-02,3.0138
2011-11-03,3.0435
2011-11-04,3.0809
2011-11-07,3.126
2011-11-08,3.122
2011-11-09,3.0974
2011-11-10,3.144
2011-11-11,3.1905
2011-11-14,3.1636
2011-11-15,3.1786
2011-11-16,3.117
2011-11-17,3.078
2011-11-18,3.0491
2011-11-21,2.9843
2011-11-22,3.033
2011-11-23,2.9592
2011-11-25,2.9385
2011-11-28,2.963
2011-11-29,3.0068
2011-11-30,3.0075
2011-12-01,2.9973
2011-12-02,2.9977
2011-12-05,2.987
2011-12-06,3.022
2011-12-07,2.9824
2011-12-08,2.9182
2011-12-09,2.9187
2011-12-12,2.8926
2011-12-13,2.9305
2011-12-14,2.826
2011-12-15,2.816
2011-12-16,2.8075
2011-12-19,2.7905
2011-12-20,2.8679
2011-12-22,2.9013
2011-12-23,2.9017
2011-12-27,2.8968
2011-12-28,2.8952
2011-12-29,2.927
2011-12-30,2.9182
2012-01-03,3.0422
2012-01-04,3.0894
2012-01-05,3.041
2012-01-06,3.0914
2012-01-09,3.0681
2012-01-10,3.1139
2012-01-11,3.075
2012-01-12,3.0535
2012-01-13,3.0419
2012-01-17,3.0372
2012-01-18,3.032
2012-01-19,3.04
2012-01-20,3.0006
2012-01-23,3.0207
2012-01-24,3.035
2012-01-25,3.0435
2012-01-26,3.0588
2012-01-27,3.087
2012-01-30,3.0651
2012-01-31,3.0636
2012-02-01,3.0529
2012-02-02,3.062
2012-02-03,3.1139
2012-02-06,3.1902
2012-02-07,3.1841
2012-02-08,3.2033
2012-02-09,3.219
2012-02-10,3.1905
2012-02-13,3.163
2012-02-14,3.1825
2012-02-15,3.1905
2012-02-16,3.208
2012-02-17,3.2
2012-02-21,3.234
2012-02-22,3.2667
2012-02-23,3.2985
2012-02-24,3.305
2012-02-27,3.2745
2012-02-28,3.2375
2012-02-29,3.2013
2012-03-01,3.2619
2012-03-02,3.2025
2012-03-05,3.221
2012-03-06,3.2
2012-03-07,3.2218
2012-03-08,3.2725
2012-03-09,3.2685
2012-03-12,3.256
2012-03-13,3.2771
2012-03-14,3.26
2012-03-15,3.225
2012-03-16,3.29
2012-03-19,3.25
2012-03-20,3.2395
2012-03-21,3.2204
2012-03-22,3.192
2012-03-23,3.2089
2012-03-26,3.2299
2012-03-27,3.2065
2012-03-28,3.2128
2012-03-29,3.165
2012-03-30,3.1595
2012-04-02,3.2488
2012-04-03,3.2345
2012-04-04,3.17
2012-04-05,3.1761
2012-04-09,3.1458
2012-04-10,3.0909
2012-04-11,3.1134
2012-04-12,3.1688
2012-04-13,3.1793
2012-04-16,3.1178
2012-04-17,3.1253
2012-04-18,3.1231
2012-04-19,3.1269
2012-04-20,3.1389
2012-04-23,3.1432
2012-04-24,3.1382
2012-04-25,3.161
2012-04-26,3.1927
2012-04-27,3.1815
2012-04-30,3.1815
2012-05-01,3.1809
2012-05-02,3.1473
2012-05-03,3.0898
2012-05-04,3.0128
2012-05-07,2.9857
2012-05-08,2.9987
2012-05-09,2.9931
2012-05-10,2.9715
2012-05-11,2.958
2012-05-14,2.9158
2012-05-15,2.928
2012-05-16,2.89
2012-05-17,2.8442
2012-05-18,2.8367
2012-05-21,2.8648
2012-05-22,2.86
2012-05-23,2.83
2012-05-24,2.8275
2012-05-25,2.828
2012-05-29,2.8155
2012-05-30,2.7355
2012-05-31,2.7018
2012-06-01,2.642
2012-06-04,2.6298
2012-06-05,2.6277
2012-06-06,2.678
2012-06-07,2.6519
2012-06-08,2.6786
2012-06-11,2.6114
2012-06-12,2.6275
2012-06-13,2.61
2012-06-14,2.6404
2012-06-15,2.646
2012-06-18,2.6174
2012-06-19,2.639
2012-06-20,2.59
2012-06-21,2.531
2012-06-22,2.5492
2012-06-25,2.5408
2012-06-26,2.5838
2012-06-27,2.5975
2012-06-28,2.5652
2012-06-29,2.718
2012-07-02,2.6765
2012-07-03,2.7592
2012-07-05,2.7545
2012-07-06,2.7032
2012-07-09,2.7472
2012-07-10,2.7226
2012-07-11,2.765
2012-07-12,2.7665
2012-07-13,2.789
2012-07-16,2.825
2012-07-17,2.8345
2012-07-18,2.8857
2012-07-19,2.945
2012-07-20,2.9237
2012-07-23,2.8224
2012-07-24,2.813
2012-07-25,2.8465
2012-07-26,2.8722
2012-07-27,2.89
2012-07-30,2.871
2012-07-31,2.8402
2012-08-01,2.8566
2012-08-02,2.8405
2012-08-03,2.9289
2012-08-06,2.939
2012-08-07,2.9887
2012-08-08,3.0135
2012-08-09,3.0521
2012-08-10,3.031
2012-08-13,3.0164
2012-08-14,3.0323
2012-08-15,3.089
2012-08-16,3.1089
2012-08-17,3.0921
2012-08-20,3.091
2012-08-21,3.1269
2012-08-22,3.1326
2012-08-23,3.1245
2012-08-24,3.119
2012-08-27,3.1225
2012-08-28,3.119
2012-08-29,3.1231
2012-08-30,3.1313
2012-08-31,3.172
2012-09-04,3.1545
2012-09-05,3.133
2012-09-06,3.1312
2012-09-07,3.16
2012-09-10,3.1614
2012-09-11,3.1815
2012-09-12,3.2118
2012-09-13,3.2073
2012-09-14,3.2452
2012-09-17,3.1611
2012-09-18,3.125
2012-09-19,3.045
2012-09-20,3.106
2012-09-21,3.1267
2012-09-24,3.097
2012-09-25,3.1003
2012-09-26,3.1015
2012-09-27,3.165
2012-09-28,3.1631
2012-10-01,3.1374
2012-10-02,3.126
2012-10-03,3.0665
2012-10-04,3.178
2012-10-05,3.1553
2012-10-08,3.156
2012-10-09,3.205
2012-10-10,3.2174
2012-10-11,3.2576
2012-10-12,3.22
2012-10-15,3.2077
2012-10-16,3.182
2012-10-17,3.1928
2012-10-18,3.1972
2012-10-19,3.1353
2012-10-22,3.084
2012-10-23,3.0493
2012-10-24,3.0434
2012-10-25,3.0683
2012-10-26,3.1048
2012-10-29,3.109
2012-10-30,3.0879
2012-10-31,3.0676
2012-11-01,3.0311
2012-11-02,2.9499
2012-11-05,2.9853
2012-11-06,3.0524
2012-11-07,2.9639
2012-11-08,2.9558
2012-11-09,3.0088
2012-11-12,2.9979
2012-11-13,2.9606
2012-11-14,2.9984
2012-11-15,2.96
2012-11-16,2.9898
2012-11-19,3.0819
2012-11-20,3.0659
2012-11-21,3.0726
2012-11-23,3.0803
2012-11-26,3.0448
2012-11-27,3.0193
2012-11-28,3.0111
2012-11-29,3.04
2012-11-30,3.0362
2012-12-03,3.049
2012-12-04,3.0025
2012-12-05,2.996
2012-12-06,2.943
2012-12-07,2.9231
2012-12-10,2.9064
2012-12-11,2.9347
2012-12-12,2.9666
2012-12-13,2.9514
2012-12-14,2.9843
2012-12-17,2.9655
2012-12-18,3.0006
2012-12-19,3.0324
2012-12-20,3.0575
2012-12-21,3.031
2012-12-24,3.0095
2012-12-26,3.06
2012-12-27,3.0774
2012-12-28,3.0544
2012-12-31,3.044
2013-01-02,3.0429
2013-01-03,3.0198
2013-01-04,3.0232
2013-01-07,3.0425
2013-01-08,3.058
2013-01-09,3.0728
2013-01-10,3.0519
2013-01-11,3.0134
2013-01-14,3.0684
2013-01-15,3.029
2013-01-16,3.011
2013-01-17,3.026
2013-01-18,3.0492
2013-01-22,3.066
2013-01-23,3.0811
2013-01-24,3.0911
2013-01-25,3.065
2013-01-28,3.0595
2013-01-29,3.111
2013-01-30,3.123
2013-01-31,3.1257
2013-02-01,3.1589
2013-02-04,3.1603
2013-02-05,3.193
2013-02-06,3.1896
2013-02-07,3.2169
2013-02-08,3.2375
2013-02-11,3.2324
2013-02-12,3.241
2013-02-13,3.2249
2013-02-14,3.2245
2013-02-15,3.2166
2013-02-19,3.1858
2013-02-20,3.1514
2013-02-21,3.1055
2013-02-22,3.1103
2013-02-25,3.0782
2013-02-26,3.0394
2013-02-27,2.9899
2013-02-28,2.9639
2013-03-01,2.9355
2013-03-04,2.92
2013-03-05,2.9878
2013-03-06,2.97
2013-03-07,2.9726
2013-03-08,2.971
2013-03-11,2.9607
2013-03-12,2.954
2013-03-13,2.922
2013-03-14,2.9352
2013-03-15,2.9457
2013-03-18,2.9215
2013-03-19,2.8629
2013-03-20,2.8891
2013-03-21,2.887
2013-03-22,2.8713
2013-03-25,2.859
2013-03-26,2.8898
2013-03-27,2.92
2013-03-28,2.9132
2013-04-01,3.0778
2013-04-02,3.0896
2013-04-03,3.0058
2013-04-04,2.9736
2013-04-05,2.9259
2013-04-08,2.9552
2013-04-09,2.9622
2013-04-10,2.9445
2013-04-11,2.9097
2013-04-12,2.8717
2013-04-15,2.7985
2013-04-16,2.8087
2013-04-17,2.7389
2013-04-18,2.788
2013-04-19,2.7921
2013-04-22,2.814
2013-04-23,2.812
2013-04-24,2.8537
2013-04-25,2.8985
2013-04-26,2.8938
2013-04-29,2.8993
2013-04-30,2.875
2013-05-01,2.7836
2013-05-02,2.8555
2013-05-03,2.8824
2013-05-06,2.9179
2013-05-07,2.923
2013-05-08,2.919
2013-05-09,2.9266
2013-05-10,2.9048
2013-05-13,2.8847
2013-05-14,2.8712
2013-05-15,2.879
2013-05-16,2.9081
2013-05-17,2.9395
2013-05-20,2.9511
2013-05-21,2.9166
2013-05-22,2.8715
2013-05-23,2.8593
2013-05-24,2.8596
2013-05-28,2.9081
2013-05-29,2.8655
2013-05-30,2.8349
2013-05-31,2.7779
2013-06-03,2.843
2013-06-04,2.8761
2013-06-05,2.8545
2013-06-06,2.8743
2013-06-07,2.9012
2013-06-10,2.8828
2013-06-11,2.8488
2013-06-12,2.8886
2013-06-13,2.9396
2013-06-14,2.9639
2013-06-17,2.9537
2013-06-18,2.9648
2013-06-19,2.9625
2013-06-20,2.8742
2013-06-21,2.848
2013-06-24,2.8539
2013-06-25,2.8526
2013-06-26,2.857
2013-06-27,2.8835
2013-06-28,2.8725
2013-07-01,2.877
2013-07-02,2.9082
2013-07-03,2.9525
2013-07-05,2.9941
2013-07-08,2.974
2013-07-09,2.9894
2013-07-10,2.998
2013-07-11,2.9965
2013-07-12,3.0377
2013-07-15,3.0325
2013-07-16,3.0419
2013-07-17,3.0742
2013-07-18,3.1129
2013-07-19,3.0907
2013-07-22,3.0682
2013-07-23,3.0738
2013-07-24,3.0419
2013-07-25,3.032
2013-07-26,3.0115
2013-07-29,3.0183
2013-07-30,3.0055
2013-07-31,3.0527
2013-08-01,3.0975
2013-08-02,3.07
2013-08-05,3.0501
2013-08-06,3.0119
2013-08-07,2.966
2013-08-08,2.9609
2013-08-09,2.9923
2013-08-12,3.0235
2013-08-13,3.0391
2013-08-14,3.0528
2013-08-15,3.0734
2013-08-16,3.0908
2013-08-19,3.0674
2013-08-20,3.0826
2013-08-21,3.075
2013-08-22,3.073
2013-08-23,3.0993
2013-08-26,3.0861
2013-08-27,3.167
2013-08-28,3.1956
2013-08-29,3.178
2013-08-30,3.145
2013-09-03,3.142
2013-09-04,3.1305
2013-09-05,3.139
2013-09-06,3.1605
2013-09-09,3.1085
2013-09-10,3.0658
2013-09-11,3.08
2013-09-12,3.1258
2013-09-13,3.1172
2013-09-16,3.0586
2013-09-17,2.9815
2013-09-18,3.0365
2013-09-19,3.0084
2013-09-20,3.0082
2013-09-23,2.9532
2013-09-24,2.9605
2013-09-25,2.968
2013-09-26,2.9975
2013-09-27,2.9875
2013-09-30,2.982
2013-10-01,2.9543
2013-10-02,2.9917
2013-10-03,2.997
2013-10-04,3.0019
2013-10-07,3.0085
2013-10-08,3.0325
2013-10-09,3.0146
2013-10-10,3.0568
2013-10-11,3.0323
2013-10-14,3.0238
2013-10-15,3.0069
2013-10-16,3.041
2013-10-17,2.9921
2013-10-18,3.0337
2013-10-21,3.0105
2013-10-22,2.994
2013-10-23,2.924
2013-10-24,2.9053
2013-10-25,2.9163
2013-10-28,2.9585
2013-10-29,2.9603
2013-10-30,2.9802
2013-10-31,2.9556
2013-11-01,2.8823
2013-11-04,2.87
2013-11-05,2.8711
2013-11-06,2.8655
2013-11-07,2.8442
2013-11-08,2.8663
2013-11-11,2.8895
2013-11-12,2.8571
2013-11-13,2.8907
2013-11-14,2.9296
2013-11-15,2.9413
2013-11-18,2.9165
2013-11-19,2.9106
2013-11-20,2.9526
2013-11-21,3.0067
2013-11-22,3.0331
2013-11-25,3.0345
2013-11-26,3.0518
2013-11-27,3.057
2013-11-29,3.0355
2013-12-02,3.0505
2013-12-03,3.0696
2013-12-04,3.051
2013-12-05,3.055
2013-12-06,3.0615
2013-12-09,3.0063
2013-12-10,3.0197
2013-12-11,3.0195
2013-12-12,2.9762
2013-12-13,2.9745
2013-12-16,2.9854
2013-12-17,2.9622
2013-12-18,3.0011
2013-12-19,3.0306
2013-12-20,3.0715
2013-12-23,3.0665
2013-12-24,3.086
2013-12-26,3.104
2013-12-27,3.1278
2013-12-30,3.0772
2013-12-31,3.0787
2014-01-02,2.9955
2014-01-03,2.9504
2014-01-06,2.9522
2014-01-07,2.9553
2014-01-08,2.954
2014-01-09,2.9205
2014-01-10,2.9495
2014-01-13,2.9261
2014-01-14,2.9368
2014-01-15,2.9784
2014-01-16,2.9927
2014-01-17,3.0313
2014-01-21,3.0235
2014-01-22,3.0438
2014-01-23,3.078
2014-01-24,3.165
2014-01-27,3.0891
2014-01-28,3.1316
2014-01-29,3.1882
2014-01-30,3.2359
2014-01-31,3.2254
2014-02-03,3.009
2014-02-04,2.9952
2014-02-05,2.99
2014-02-06,3.0057
2014-02-07,3.0461
2014-02-10,2.9988
2014-02-11,3.0301
2014-02-12,3.0177
2014-02-13,3.0403
2014-02-14,3.077
2014-02-18,3.1062
2014-02-19,3.1495
2014-02-20,3.1789
2014-02-21,3.0991
2014-02-24,3.0974
2014-02-25,3.1085
2014-02-26,3.13
2014-02-27,3.0863
2014-02-28,3.078
2014-03-03,3.083
2014-03-04,3.0378
2014-03-05,2.983
2014-03-06,2.9916
2014-03-07,3.0023
2014-03-10,2.963
2014-03-11,2.9566
2014-03-12,2.9305
2014-03-13,2.9256
2014-03-14,2.9434
2014-03-17,2.8953
2014-03-18,2.9063
2014-03-19,2.9016
2014-03-20,2.9185
2014-03-21,2.9241
2014-03-24,2.9132
2014-03-25,2.9229
2014-03-26,2.9183
2014-03-27,2.944
2014-03-28,2.9558
2014-03-31,2.9337
2014-04-01,2.8816
2014-04-02,2.8629
2014-04-03,2.9018
2014-04-04,2.9077
2014-04-07,2.8945
2014-04-08,2.9305
2014-04-09,2.952
2014-04-10,2.9376
2014-04-11,2.93
2014-04-14,2.9775
2014-04-15,2.9935
2014-04-16,3.0121
2014-04-17,3.0099
2014-04-21,3.0115
2014-04-22,3.0076
2014-04-23,2.983
2014-04-24,3.017
2014-04-25,2.9898
2014-04-28,2.9537
2014-04-29,2.9686
2014-04-30,2.9372
2014-05-01,2.9118
2014-05-02,2.926
2014-05-05,2.9009
2014-05-06,2.8868
2014-05-07,2.9287
2014-05-08,2.9195
2014-05-09,2.909
2014-05-12,2.9219
2014-05-13,2.9499
2014-05-14,2.9629
2014-05-15,2.9519
2014-05-16,2.9513
2014-05-19,2.941
2014-05-20,2.949
2014-05-21,2.9519
2014-05-22,2.9557
2014-05-23,2.9564
2014-05-27,2.9443
2014-05-28,2.9401
2014-05-29,2.9235
2014-05-30,2.8885
2014-06-02,2.8809
2014-06-03,2.869
2014-06-04,2.8515
2014-06-05,2.884
2014-06-06,2.8761
2014-06-09,2.8875
2014-06-10,2.8839
2014-06-11,2.9043
2014-06-12,2.9909
2014-06-13,2.9839
2014-06-16,2.995
2014-06-17,3.0175
2014-06-18,3.0424
2014-06-19,3.0491
2014-06-20,3.0525
2014-06-23,3.036
2014-06-24,3.042
2014-06-25,3.038
2014-06-26,3.0144
2014-06-27,2.9971
2014-06-30,2.966
2014-07-01,2.9708
2014-07-02,2.9396
2014-07-03,2.9275
2014-07-07,2.9039
2014-07-08,2.8798
2014-07-09,2.8724
2014-07-10,2.8958
2014-07-11,2.8693
2014-07-14,2.8725
2014-07-15,2.8549
2014-07-16,2.857
2014-07-17,2.8738
2014-07-18,2.8462
2014-07-21,2.8618
2014-07-22,2.8451
2014-07-23,2.885
2014-07-24,2.8749
2014-07-25,2.9128
2014-07-28,2.8895
2014-07-29,2.901
2014-07-30,2.8821
2014-07-31,2.8844
2014-08-01,2.8648
2014-08-04,2.8687
2014-08-05,2.856
2014-08-06,2.8757
2014-08-07,2.9035
2014-08-08,2.8711
2014-08-11,2.8832
2014-08-12,2.8506
2014-08-13,2.8971
2014-08-14,2.8241
2014-08-15,2.844
2014-08-18,2.8102
2014-08-19,2.8175
2014-08-20,2.8253
2014-08-21,2.8382
2014-08-22,2.8284
2014-08-25,2.8368
2014-08-26,2.8426
2014-08-27,2.8576
2014-08-28,2.8473
2014-08-29,2.8569
2014-09-02,2.8019
2014-09-03,2.8542
2014-09-04,2.8411
2014-09-05,2.8225
2014-09-08,2.811
2014-09-09,2.7915
2014-09-10,2.7566
2014-09-11,2.7573
2014-09-12,2.7423
2014-09-15,2.741
2014-09-16,2.7525
2014-09-17,2.74
2014-09-18,2.713
2014-09-19,2.717
2014-09-22,2.6878
2014-09-23,2.6791
2014-09-24,2.6897
2014-09-25,2.7015
2014-09-26,2.7007
2014-09-29,2.6994
2014-09-30,2.65
2014-10-01,2.6601
2014-10-02,2.649
2014-10-03,2.615
2014-10-06,2.6279
2014-10-07,2.6006
2014-10-08,2.5825
2014-10-09,2.513
2014-10-10,2.5599
2014-10-13,2.541
2014-10-14,2.48
2014-10-15,2.4477
2014-10-16,2.4776
2014-10-17,2.5014
2014-10-20,2.4824
2014-10-21,2.512
2014-10-22,2.4681
2014-10-23,2.494
2014-10-24,2.485
2014-10-27,2.4718
2014-10-28,2.5035
2014-10-29,2.528
2014-10-30,2.5125
2014-10-31,2.5215
2014-11-03,2.4805
2014-11-04,2.4343
2014-11-05,2.4471
2014-11-06,2.4549
2014-11-07,2.4948
2014-11-10,2.4589
2014-11-11,2.4537
2014-11-12,2.4341
2014-11-13,2.3697
2014-11-14,2.4228
2014-11-17,2.4004
2014-11-18,2.3847
2014-11-19,2.3607
2014-11-20,2.3925
2014-11-21,2.405
2014-11-24,2.3931
2014-11-25,2.4176
2014-11-26,2.3924
2014-11-28,2.2039
2014-12-01,2.2182
2014-12-02,2.1622
2014-12-03,2.135
2014-12-04,2.1127
2014-12-05,2.0969
2014-12-08,2.0481
2014-12-09,2.071
2014-12-10,2.0553
2014-12-11,2.0535
2014-12-12,2.0123
2014-12-15,1.9775
2014-12-16,1.9596
2014-12-17,1.995
2014-12-18,1.9562
2014-12-19,1.9754
2014-12-22,1.942
2014-12-23,1.9862
2014-12-24,1.9244
2014-12-26,1.9197
2014-12-29,1.856
2014-12-30,1.8636
2014-12-31,1.822
2015-01-02,1.8017
2015-01-05,1.7521
2015-01-06,1.7062
2015-01-07,1.7036
2015-01-08,1.7116
2015-01-09,1.7041
2015-01-12,1.6502
2015-01-13,1.6252
2015-01-14,1.6527
2015-01-15,1.6235
2015-01-16,1.6643
2015-01-20,1.6331
2015-01-21,1.6374
2015-01-22,1.6435
2015-01-23,1.641
2015-01-26,1.6391
2015-01-27,1.6533
2015-01-28,1.6282
2015-01-29,1.6197
2015-01-30,1.7155
2015-02-02,1.7663
2015-02-03,1.8267
2015-02-04,1.7734
2015-02-05,1.8141
2015-02-06,1.8478
2015-02-09,1.8641
2015-02-10,1.8444
2015-02-11,1.8304
2015-02-12,1.9189
2015-02-13,1.9716
2015-02-17,1.9709
2015-02-18,1.9438
2015-02-19,1.9969
2015-02-20,2.135
2015-02-23,2.1948
2015-02-24,2.002
2015-02-25,2.1049
2015-02-26,2.1657
2015-02-27,2.193
2015-03-02,1.898
2015-03-03,1.9298
2015-03-04,1.8941
2015-03-05,1.8829
2015-03-06,1.8719
2015-03-09,1.8424
2015-03-10,1.8185
2015-03-11,1.8312
2015-03-12,1.7797
2015-03-13,1.7124
2015-03-16,1.706
2015-03-17,1.6895
2015-03-18,1.7779
2015-03-19,1.7173
2015-03-20,1.7285
2015-03-23,1.7352
2015-03-24,1.7113
2015-03-25,1.724
2015-03-26,1.7828
2015-03-27,1.7334
2015-03-30,1.733
2015-03-31,1.7078
2015-04-01,1.7369
2015-04-02,1.6903
2015-04-06,1.7566
2015-04-07,1.7708
2015-04-08,1.712
2015-04-09,1.7324
2015-04-10,1.7699
2015-04-13,1.7868
2015-04-14,1.8127
2015-04-15,1.8782
2015-04-16,1.9046
2015-04-17,1.8917
2015-04-20,1.881
2015-04-21,1.846
2015-04-22,1.871
2015-04-23,1.9202
2015-04-24,1.9314
2015-04-27,1.9207
2015-04-28,1.9125
2015-04-29,1.9443
2015-04-30,1.9745
2015-05-01,1.9835
2015-05-04,1.9826
2015-05-05,2.0149
2015-05-06,2.01
2015-05-07,1.9651
2015-05-08,1.9595
2015-05-11,1.9454
2015-05-12,2.01
2015-05-13,1.9976
2015-05-14,2.0058
2015-05-15,2.0068
2015-05-18,1.9885
2015-05-19,1.9362
2015-05-20,1.94
2015-05-21,1.9855
2015-05-22,1.9573
2015-05-26,1.9036
2015-05-27,1.8603
2015-05-28,1.88
2015-05-29,1.9469
2015-06-01,1.9253
2015-06-02,1.94
2015-06-03,1.8919
2015-06-04,1.8441
2015-06-05,1.867
2015-06-08,1.8568
2015-06-09,1.9215
2015-06-10,1.9401
2015-06-11,1.916
2015-06-12,1.8853
2015-06-15,1.8692
2015-06-16,1.8865
2015-06-17,1.9059
2015-06-18,1.9175
2015-06-19,1.8601
2015-06-22,1.87
2015-06-23,1.92
2015-06-24,1.8814
2015-06-25,1.8656
2015-06-26,1.8617
2015-06-29,1.84
2015-06-30,1.8823
2015-07-01,1.8468
2015-07-02,1.8342
2015-07-06,1.7203
2015-07-07,1.7234
2015-07-08,1.7225
2015-07-09,1.7346
2015-07-10,1.7392
2015-07-13,1.72
2015-07-14,1.7293
2015-07-15,1.6764
2015-07-16,1.6663
2015-07-17,1.6621
2015-07-20,1.657
2015-07-21,1.6824
2015-07-22,1.6698
2015-07-23,1.6632
2015-07-24,1.6326
2015-07-27,1.587
2015-07-28,1.5955
2015-07-29,1.6035
2015-07-30,1.6
2015-07-31,1.5855
2015-08-03,1.5369
2015-08-04,1.557
2015-08-05,1.5419
2015-08-06,1.5557
2015-08-07,1.5411
2015-08-10,1.5856
2015-08-11,1.5634
2015-08-12,1.592
2015-08-13,1.5713
2015-08-14,1.5514
2015-08-17,1.5491
2015-08-18,1.5519
2015-08-19,1.5152
2015-08-20,1.4885
2015-08-21,1.4602
2015-08-24,1.396
2015-08-25,1.4037
2015-08-26,1.3951
2015-08-27,1.5029
2015-08-28,1.5691
2015-08-31,1.6865
2015-09-01,1.5555
2015-09-02,1.6108
2015-09-03,1.6174
2015-09-04,1.5881
2015-09-08,1.5901
2015-09-09,1.5384
2015-09-10,1.5718
2015-09-11,1.5493
2015-09-14,1.5086
2015-09-15,1.5059
2015-09-16,1.5474
2015-09-17,1.535
2015-09-18,1.5023
2015-09-21,1.5128
2015-09-22,1.5355
2015-09-23,1.5115
2015-09-24,1.5298
2015-09-25,1.5183
2015-09-28,1.4806
2015-09-29,1.4958
2015-09-30,1.5127
2015-10-01,1.5278
2015-10-02,1.522
2015-10-05,1.5485
2015-10-06,1.6164
2015-10-07,1.5893
2015-10-08,1.6047
2015-10-09,1.5858
2015-10-12,1.513
2015-10-13,1.4765
2015-10-14,1.4769
2015-10-15,1.4973
2015-10-16,1.4979
2015-10-19,1.4576
2015-10-20,1.4428
2015-10-21,1.4537
2015-10-22,1.4798
2015-10-23,1.4565
2015-10-26,1.4269
2015-10-27,1.4283
2015-10-28,1.4874
2015-10-29,1.471
2015-10-30,1.493
2015-11-02,1.5072
2015-11-03,1.5618
2015-11-04,1.5157
2015-11-05,1.492
2015-11-06,1.4994
2015-11-09,1.4814
2015-11-10,1.4771
2015-11-11,1.4528
2015-11-12,1.407
2015-11-13,1.3835
2015-11-16,1.3975
2015-11-17,1.3798
2015-11-18,1.3795
2015-11-19,1.375
2015-11-20,1.3673
2015-11-23,1.3815
2015-11-24,1.398
2015-11-25,1.4037
2015-11-27,1.358
2015-11-30,1.3248
2015-12-01,1.36
2015-12-02,1.3189
2015-12-03,1.3664
2015-12-04,1.3509
2015-12-07,1.2807
2015-12-08,1.2554
2015-12-09,1.245
2015-12-10,1.2149
2015-12-11,1.1432
2015-12-14,1.122
2015-12-15,1.1385
2015-12-16,1.1181
2015-12-17,1.1063
2015-12-18,1.105
2015-12-21,1.0936
2015-12-22,1.0936
2015-12-23,1.131
2015-12-24,1.106
2015-12-28,1.0867
2015-12-29,1.1177
2015-12-30,1.0947
2015-12-31,1.0944
2016-01-04,1.1342
2016-01-05,1.1315
2016-01-06,1.0899
2016-01-07,1.0662
2016-01-08,1.0443
2016-01-11,1.0103
2016-01-12,0.9877
2016-01-13,0.9656
2016-01-14,0.9867
2016-01-15,0.9393
2016-01-19,0.9075
2016-01-20,0.8666
2016-01-21,0.9067
2016-01-22,0.9975
2016-01-25,0.9254
2016-01-26,0.9544
2016-01-27,1.0234
2016-01-28,1.049
2016-01-29,1.0648
2016-02-01,1.039
2016-02-02,1.0072
2016-02-03,1.0942
2016-02-04,1.0792
2016-02-05,1.0645
2016-02-08,1.0496
2016-02-09,0.9857
2016-02-10,0.9802
2016-02-11,1.006
2016-02-12,1.0538
2016-02-16,1.031
2016-02-17,1.0995
2016-02-18,1.0785
2016-02-19,1.0294
2016-02-22,1.0536
2016-02-23,1.0145
2016-02-24,1.0544
2016-02-25,1.064
2016-02-26,1.0525
2016-02-29,1.0773
2016-03-01,1.0914
2016-03-02,1.112
2016-03-03,1.121
2016-03-04,1.165
2016-03-07,1.2242
2016-03-08,1.199
2016-03-09,1.2264
2016-03-10,1.223
2016-03-11,1.2154
2016-03-14,1.2024
2016-03-15,1.1852
2016-03-16,1.2299
2016-03-17,1.2516
2016-03-18,1.2458
2016-03-21,1.2394
2016-03-22,1.2469
2016-03-23,1.2058
2016-03-24,1.1999
2016-03-28,1.1803
2016-03-29,1.165
2016-03-30,1.164
2016-03-31,1.1773
2016-04-01,1.1358
2016-04-04,1.0845
2016-04-05,1.0855
2016-04-06,1.1405
2016-04-07,1.1322
2016-04-08,1.1964
2016-04-11,1.2145
2016-04-12,1.2714
2016-04-13,1.2634
2016-04-14,1.2568
2016-04-15,1.2357
2016-04-18,1.245
2016-04-19,1.2686
2016-04-20,1.3309
2016-04-21,1.3084
2016-04-22,1.3112
2016-04-25,1.3021
2016-04-26,1.3479
2016-04-27,1.3818
2016-04-28,1.4018
2016-04-29,1.3876
2016-05-02,1.359
2016-05-03,1.3448
2016-05-04,1.3416
2016-05-05,1.335
2016-05-06,1.3347
2016-05-09,1.2825
2016-05-10,1.342
2016-05-11,1.3927
2016-05-12,1.3921
2016-05-13,1.4044
2016-05-16,1.4444
2016-05-17,1.4747
2016-05-18,1.475
2016-05-19,1.4754
2016-05-20,1.4914
2016-05-23,1.479
2016-05-24,1.506
2016-05-25,1.5127
2016-05-26,1.4977
2016-05-27,1.4945
2016-05-31,1.4904
2016-06-01,1.503
2016-06-02,1.5048
2016-06-03,1.4908
2016-06-06,1.5045
2016-06-07,1.5407
2016-06-08,1.5752
2016-06-09,1.551
2016-06-10,1.5158
2016-06-13,1.5078
2016-06-14,1.4848
2016-06-15,1.468
2016-06-16,1.4193
2016-06-17,1.486
2016-06-20,1.522
2016-06-21,1.5243
2016-06-22,1.4985
2016-06-23,1.5207
2016-06-24,1.4647
2016-06-27,1.4396
2016-06-28,1.4767
2016-06-29,1.5231
2016-06-30,1.4661
2016-07-01,1.5208
2016-07-05,1.4531
2016-07-06,1.4911
2016-07-07,1.4155
2016-07-08,1.4095
2016-07-11,1.416
2016-07-12,1.4531
2016-07-13,1.389
2016-07-14,1.4005
2016-07-15,1.4055
2016-07-18,1.3802
2016-07-19,1.386
2016-07-20,1.407
2016-07-21,1.3704
2016-07-22,1.361
2016-07-25,1.323
2016-07-26,1.3157
2016-07-27,1.2957
2016-07-28,1.2727
2016-07-29,1.2743
2016-08-01,1.2624
2016-08-02,1.265
2016-08-03,1.2979
2016-08-04,1.321
2016-08-05,1.321
2016-08-08,1.3392
2016-08-09,1.3345
2016-08-10,1.3135
2016-08-11,1.381
2016-08-12,1.4139
2016-08-15,1.4493
2016-08-16,1.456
2016-08-17,1.4919
2016-08-18,1.5251
2016-08-19,1.5158
2016-08-22,1.485
2016-08-23,1.494
2016-08-24,1.4928
2016-08-25,1.51
2016-08-26,1.4972
2016-08-29,1.4843
2016-08-30,1.4656
2016-08-31,1.4115
2016-09-01,1.3912
2016-09-02,1.4029
2016-09-06,1.4132
2016-09-07,1.4396
2016-09-08,1.4755
2016-09-09,1.4307
2016-09-12,1.4359
2016-09-13,1.4158
2016-09-14,1.3874
2016-09-15,1.4109
2016-09-16,1.4124
2016-09-19,1.3969
2016-09-20,1.4085
2016-09-21,1.4353
2016-09-22,1.4516
2016-09-23,1.411
2016-09-26,1.4393
2016-09-27,1.4157
2016-09-28,1.487
2016-09-29,1.508
2016-09-30,1.5302
2016-10-03,1.5528
2016-10-04,1.5667
2016-10-05,1.5736
2016-10-06,1.6001
2016-10-07,1.5755
2016-10-10,1.6035
2016-10-11,1.5909
2016-10-12,1.568
2016-10-13,1.58
2016-10-14,1.5681
2016-10-17,1.5605
2016-10-18,1.5831
2016-10-19,1.5835
2016-10-20,1.5616
2016-10-21,1.5766
2016-10-24,1.5802
2016-10-25,1.5487
2016-10-26,1.552
2016-10-27,1.5651
2016-10-28,1.545
2016-10-31,1.4888
2016-11-01,1.5104
2016-11-02,1.4699
2016-11-03,1.4573
2016-11-04,1.4351
2016-11-07,1.4458
2016-11-08,1.4406
2016-11-09,1.4461
2016-11-10,1.4309
2016-11-11,1.3938
2016-11-14,1.3916
2016-11-15,1.4403
2016-11-16,1.429
2016-11-17,1.4373
2016-11-18,1.4587
2016-11-21,1.5298
2016-11-22,1.5249
2016-11-23,1.5163
2016-11-25,1.4672
2016-11-28,1.5087
2016-11-29,1.4639
2016-11-30,1.561
2016-12-01,1.6432
2016-12-02,1.6567
2016-12-05,1.6444
2016-12-06,1.6384
2016-12-07,1.6144
2016-12-08,1.6222
2016-12-09,1.6403
2016-12-12,1.668
2016-12-13,1.6657
2016-12-14,1.6424
2016-12-15,1.647
2016-12-16,1.6742
2016-12-19,1.6674
2016-12-20,1.6734
2016-12-21,1.6374
2016-12-22,1.6601
2016-12-23,1.6665
2016-12-27,1.698
2016-12-28,1.695
2016-12-29,1.704
2016-12-30,1.7122
2017-01-03,1.6836
2017-01-04,1.6871
2017-01-05,1.6966
2017-01-06,1.6985
2017-01-09,1.6341
2017-01-10,1.6099
2017-01-11,1.6574
2017-01-12,1.6769
2017-01-13,1.656
2017-01-17,1.652
2017-01-18,1.6201
2017-01-19,1.6178
2017-01-20,1.6427
2017-01-23,1.6278
2017-01-24,1.63
2017-01-25,1.618
2017-01-26,1.6419
2017-01-27,1.6195
2017-01-30,1.605
2017-01-31,1.6141
2017-02-01,1.6715
2017-02-02,1.6575
2017-02-03,1.669
2017-02-06,1.6381
2017-02-07,1.6148
2017-02-08,1.6368
2017-02-09,1.6421
2017-02-10,1.6662
2017-02-13,1.6264
2017-02-14,1.6333
2017-02-15,1.6307
2017-02-16,1.6273
2017-02-17,1.6369
2017-02-21,1.641
2017-02-22,1.6375
2017-02-23,1.6531
2017-02-24,1.64
2017-02-27,1.6419
2017-02-28,1.6284
2017-03-01,1.624
2017-03-02,1.58
2017-03-03,1.5918
2017-03-06,1.6075
2017-03-07,1.6141
2017-03-08,1.5559
2017-03-09,1.5355
2017-03-10,1.5067
2017-03-13,1.5011
2017-03-14,1.5118
2017-03-15,1.5156
2017-03-16,1.5029
2017-03-17,1.5111
2017-03-20,1.5144
2017-03-21,1.5019
2017-03-22,1.4988
2017-03-23,1.4883
2017-03-24,1.5068
2017-03-27,1.5003
2017-03-28,1.5204
2017-03-29,1.542
2017-03-30,1.5596
2017-03-31,1.5745
2017-04-03,1.5642
2017-04-04,1.5954
2017-04-05,1.5962
2017-04-06,1.6132
2017-04-07,1.6274
2017-04-10,1.6494
2017-04-11,1.653
2017-04-12,1.6464
2017-04-13,1.6445
2017-04-17,1.6352
2017-04-18,1.6197
2017-04-19,1.586
2017-04-20,1.5786
2017-04-21,1.5531
2017-04-24,1.5431
2017-04-25,1.5406
2017-04-26,1.5285
2017-04-27,1.5132
2017-04-28,1.5022
2017-05-01,1.4864
2017-05-02,1.4867
2017-05-03,1.4672
2017-05-04,1.4129
2017-05-05,1.4486
2017-05-08,1.46
2017-05-09,1.4462
2017-05-10,1.4764
2017-05-11,1.4903
2017-05-12,1.492
2017-05-15,1.5099
2017-05-16,1.5045
2017-05-17,1.5327
2017-05-18,1.5465
2017-05-19,1.586
2017-05-22,1.6007
2017-05-23,1.6102
2017-05-24,1.6077
2017-05-25,1.547
2017-05-26,1.5674
2017-05-30,1.5499
2017-05-31,1.5148
2017-06-01,1.4949
2017-06-02,1.4833
2017-06-05,1.4603
2017-06-06,1.4597
2017-06-07,1.4271
2017-06-08,1.425
2017-06-09,1.437
2017-06-12,1.4237
2017-06-13,1.4387
2017-06-14,1.411
2017-06-15,1.4113
2017-06-16,1.4262
2017-06-19,1.4116
2017-06-20,1.3895
2017-06-21,1.363
2017-06-22,1.3714
2017-06-23,1.3765
2017-06-26,1.3844
2017-06-27,1.4002
2017-06-28,1.4383
2017-06-29,1.444
2017-06-30,1.4788
2017-07-03,1.5103
2017-07-05,1.4914
2017-07-06,1.4755
2017-07-07,1.4525
2017-07-10,1.456
2017-07-11,1.4891
2017-07-12,1.4731
2017-07-13,1.493
2017-07-14,1.5201
2017-07-17,1.4973
2017-07-18,1.5105
2017-07-19,1.5504
2017-07-20,1.5451
2017-07-21,1.5134
2017-07-24,1.5179
2017-07-25,1.5798
2017-07-26,1.5953
2017-07-27,1.6049
2017-07-28,1.6403
2017-07-31,1.6613
2017-08-01,1.6362
2017-08-02,1.6573
2017-08-03,1.6385
2017-08-04,1.6449
2017-08-07,1.6366
2017-08-08,1.619
2017-08-09,1.6564
2017-08-10,1.6296
2017-08-11,1.6345
2017-08-14,1.6066
2017-08-15,1.6054
2017-08-16,1.5748
2017-08-17,1.581
2017-08-18,1.6242
2017-08-21,1.5726
2017-08-22,1.5835
2017-08-23,1.6271
2017-08-24,1.6259
2017-08-25,1.6225
2017-08-28,1.6415
2017-08-29,1.6835
2017-08-30,1.6752
2017-08-31,1.7585
2017-09-01,1.7494
2017-09-05,1.7397
2017-09-06,1.753
2017-09-07,1.7859
2017-09-08,1.7659
2017-09-11,1.7403
2017-09-12,1.7402
2017-09-13,1.7695
2017-09-14,1.7761
2017-09-15,1.7958
2017-09-18,1.7786
2017-09-19,1.7804
2017-09-20,1.8067
2017-09-21,1.814
2017-09-22,1.8132
2017-09-25,1.8581
2017-09-26,1.8494
2017-09-27,1.8312
2017-09-28,1.8314
2017-09-29,1.8126
2017-10-02,1.7665
2017-10-03,1.7464
2017-10-04,1.7737
2017-10-05,1.7897
2017-10-06,1.7426
2017-10-09,1.7341
2017-10-10,1.765
2017-10-11,1.7786
2017-10-12,1.7689
2017-10-13,1.7981
2017-10-16,1.8162
2017-10-17,1.8108
2017-10-18,1.8052
2017-10-19,1.7784
2017-10-20,1.8091
2017-10-23,1.7879
2017-10-24,1.8302
2017-10-25,1.8186
2017-10-26,1.8521
2017-10-27,1.8704
2017-10-30,1.8758
2017-10-31,1.8839
2017-11-01,1.8629
2017-11-02,1.8579
2017-11-03,1.8849
2017-11-06,1.937
2017-11-07,1.9202
2017-11-08,1.9219
2017-11-09,1.9455
2017-11-10,1.9405
2017-11-13,1.9344
2017-11-14,1.8914
2017-11-15,1.9108
2017-11-16,1.9058
2017-11-17,1.9515
2017-11-20,1.9311
2017-11-21,1.9382
2017-11-22,1.9371
2017-11-24,1.9523
2017-11-27,1.9478
2017-11-28,1.9431
2017-11-29,1.9245
2017-11-30,1.8944
2017-12-01,1.9413
2017-12-04,1.896
2017-12-05,1.9026
2017-12-06,1.8651
2017-12-07,1.8943
2017-12-08,1.9287
2017-12-11,1.9504
2017-12-12,1.9424
2017-12-13,1.9106
2017-12-14,1.9109
2017-12-15,1.9041
2017-12-18,1.9262
2017-12-19,1.9392
2017-12-20,1.9437
2017-12-21,1.95
2017-12-22,1.9677
2017-12-26,2.0434
2017-12-27,2.0317
2017-12-28,2.052
2017-12-29,2.0703
2018-01-02,2.0615
2018-01-03,2.0823
2018-01-04,2.0754
2018-01-05,2.0612
2018-01-08,2.048
2018-01-09,2.0757
2018-01-10,2.082
2018-01-11,2.0759
2018-01-12,2.0867
2018-01-16,2.0646
2018-01-17,2.0691
2018-01-18,2.0617
2018-01-19,2.0621
2018-01-22,2.0639
2018-01-23,2.0935
2018-01-24,2.1103
2018-01-25,2.1087
2018-01-26,2.138
2018-01-29,2.0995
2018-01-30,2.0655
2018-01-31,2.071
2018-02-01,2.092
2018-02-02,2.0443
2018-02-05,2.0041
2018-02-06,1.9908
2018-02-07,1.9317
2018-02-08,1.9054
2018-02-09,1.851
2018-02-12,1.8422
2018-02-13,1.8329
2018-02-14,1.8886
2018-02-15,1.8957
2018-02-16,1.911
2018-02-20,1.9237
2018-02-21,1.9293
2018-02-22,1.9471
2018-02-23,1.976
2018-02-26,1.9899
2018-02-27,1.9606
2018-02-28,1.892
2018-03-01,1.8904
2018-03-02,1.8873
2018-03-05,1.897
2018-03-06,1.8958
2018-03-07,1.8819
2018-03-08,1.866
2018-03-09,1.8865
2018-03-12,1.8682
2018-03-13,1.8783
2018-03-14,1.887
2018-03-15,1.8937
2018-03-16,1.9105
2018-03-19,1.9126
2018-03-20,1.9561
2018-03-21,2.015
2018-03-22,1.9892
2018-03-23,2.0188
2018-03-26,2.0161
2018-03-27,2.0089
2018-03-28,2.019
2018-03-29,2.0198
2018-04-02,1.9794
2018-04-03,1.9946
2018-04-04,1.9825
2018-04-05,1.9823
2018-04-06,1.9562
2018-04-09,1.9959
2018-04-10,2.0637
2018-04-11,2.0926
2018-04-12,2.083
2018-04-13,2.102
2018-04-16,2.0734
2018-04-17,2.0593
2018-04-18,2.1027
2018-04-19,2.1107
2018-04-20,2.1166
2018-04-23,2.1474
2018-04-24,2.127
2018-04-25,2.1364
2018-04-26,2.1608
2018-04-27,2.1486
2018-04-30,2.165
2018-05-01,2.1075
2018-05-02,2.1141
2018-05-03,2.1165
2018-05-04,2.1561
2018-05-07,2.1689
2018-05-08,2.1853
2018-05-09,2.2214
2018-05-10,2.2233
2018-05-11,2.222
2018-05-14,2.2528
2018-05-15,2.2408
2018-05-16,2.2696
2018-05-17,2.2858
2018-05-18,2.27
2018-05-21,2.2816
2018-05-22,2.2778
2018-05-23,2.2869
2018-05-24,2.2657
2018-05-25,2.2035
2018-05-29,2.1876
2018-05-30,2.2245
2018-05-31,2.2029
2018-06-01,2.1727
2018-06-04,2.1511
2018-06-05,2.1338
2018-06-06,2.1354
2018-06-07,2.182
2018-06-08,2.1619
2018-06-11,2.1606
2018-06-12,2.1471
2018-06-13,2.179
2018-06-14,2.158
2018-06-15,2.0795
2018-06-18,2.1341
2018-06-19,2.1141
2018-06-20,2.0985
2018-06-21,2.0749
2018-06-22,2.127
2018-06-25,2.106
2018-06-26,2.1357
2018-06-27,2.1703
2018-06-28,2.1741
2018-06-29,2.205
2018-07-02,2.1596
2018-07-03,2.1694
2018-07-05,2.185
2018-07-06,2.1738
2018-07-09,2.1993
2018-07-10,2.2242
2018-07-11,2.1187
2018-07-12,2.1226
2018-07-13,2.1284
2018-07-16,2.0586
2018-07-17,2.0583
2018-07-18,2.095
2018-07-19,2.092
2018-07-20,2.1044
2018-07-23,2.1202
2018-07-24,2.1408
2018-07-25,2.1511
2018-07-26,2.1717
2018-07-27,2.1563
2018-07-30,2.1697
2018-07-31,2.1286
2018-08-01,2.0991
2018-08-02,2.1269
2018-08-03,2.1336
2018-08-06,2.1378
2018-08-07,2.1639
2018-08-08,2.117
2018-08-09,2.1112
2018-08-10,2.1454
2018-08-13,2.1436
2018-08-14,2.1217
2018-08-15,2.0882
2018-08-16,2.0966
2018-08-17,2.0976
2018-08-20,2.1126
2018-08-21,2.1315
2018-08-22,2.172
2018-08-23,2.177
2018-08-24,2.2002
2018-08-27,2.2184
2018-08-28,2.2139
2018-08-29,2.2488
2018-08-30,2.2436
2018-08-31,2.2399
2018-09-04,2.2485
2018-09-05,2.2292
2018-09-06,2.2117
2018-09-07,2.2217
2018-09-10,2.2191
2018-09-11,2.2606
2018-09-12,2.2598
2018-09-13,2.2284
2018-09-14,2.2086
2018-09-17,2.2036
2018-09-18,2.2334
2018-09-19,2.247
2018-09-20,2.2287
2018-09-21,2.221
2018-09-24,2.2916
2018-09-25,2.3012
2018-09-26,2.3099
2018-09-27,2.3192
2018-09-28,2.3477
2018-10-01,2.4081
2018-10-02,2.4065
2018-10-03,2.432
2018-10-04,2.4055
2018-10-05,2.3889
2018-10-08,2.393
2018-10-09,2.4198
2018-10-10,2.3858
2018-10-11,2.3328
2018-10-12,2.3263
2018-10-15,2.3271
2018-10-16,2.3446
2018-10-17,2.3169
2018-10-18,2.3005
2018-10-19,2.3088
2018-10-22,2.3241
2018-10-23,2.2466
2018-10-24,2.2417
2018-10-25,2.2742
2018-10-26,2.3076
2018-10-29,2.2762
2018-10-30,2.2683
2018-10-31,2.2511
2018-11-01,2.1978
2018-11-02,2.1675
2018-11-05,2.1823
2018-11-06,2.1821
2018-11-07,2.236
2018-11-08,2.176
2018-11-09,2.1582
2018-11-12,2.1366
2018-11-13,2.0646
2018-11-14,2.094
2018-11-15,2.0762
2018-11-16,2.0828
2018-11-19,2.0897
2018-11-20,1.9832
2018-11-21,1.9778
2018-11-23,1.8773
2018-11-26,1.8939
2018-11-27,1.9006
2018-11-28,1.8431
2018-11-29,1.8371
2018-11-30,1.834
2018-12-03,1.8931
2018-12-04,1.885
2018-12-05,1.8912
2018-12-06,1.865
2018-12-07,1.878
2018-12-10,1.845
2018-12-11,1.8518
2018-12-12,1.852
2018-12-13,1.8839
2018-12-14,1.8491
2018-12-17,1.8075
2018-12-18,1.753
2018-12-19,1.7959
2018-12-20,1.7608
2018-12-21,1.7307
2018-12-24,1.671
2018-12-26,1.7441
2018-12-27,1.6957
2018-12-28,1.6588
2018-12-31,1.6864
2019-01-02,1.698
2019-01-03,1.7295
2019-01-04,1.78
2019-01-07,1.7855
2019-01-08,1.8209
2019-01-09,1.8812
2019-01-10,1.8971
2019-01-11,1.8841
2019-01-14,1.8578
2019-01-15,1.8689
2019-01-16,1.8933
2019-01-17,1.8821
2019-01-18,1.9136
2019-01-22,1.9029
2019-01-23,1.8866
2019-01-24,1.8877
2019-01-25,1.8897
2019-01-28,1.8426
2019-01-29,1.8951
2019-01-30,1.8988
2019-01-31,1.8764
2019-02-01,1.9166
2019-02-04,1.9129
2019-02-05,1.8986
2019-02-06,1.9102
2019-02-07,1.8998
2019-02-08,1.9105
2019-02-11,1.8948
2019-02-12,1.9159
2019-02-13,1.9385
2019-02-14,1.9741
2019-02-15,2.0214
2019-02-19,1.9969
2019-02-20,2.0168
2019-02-21,2.0316
2019-02-22,2.0276
2019-02-25,1.9768
2019-02-26,2.0084
2019-02-27,2.0254
2019-02-28,2.0293
2019-03-01,1.9995
2019-03-04,2.0112
2019-03-05,2.0131
2019-03-06,2.0128
2019-03-07,2.0039
2019-03-08,1.9967
2019-03-11,1.9948
2019-03-12,1.9857
2019-03-13,1.9958
2019-03-14,1.9824
2019-03-15,1.965
2019-03-18,1.9671
2019-03-19,1.99
2019-03-20,2.0027
2019-03-21,1.9832
2019-03-22,1.9634
2019-03-25,1.9813
2019-03-26,1.9926
2019-03-27,1.9802
2019-03-28,1.9753
2019-03-29,1.9726
2019-04-01,1.9903
2019-04-02,2.0117
2019-04-03,2.0081
2019-04-04,2.0121
2019-04-05,2.0462
2019-04-08,2.0577
2019-04-09,2.053
2019-04-10,2.0825
2019-04-11,2.0743
2019-04-12,2.068
2019-04-15,2.0636
2019-04-16,2.0824
2019-04-17,2.0724
2019-04-18,2.0725
2019-04-22,2.106
2019-04-23,2.1155
2019-04-24,2.096
2019-04-25,2.0975
2019-04-26,2.0409
2019-04-29,2.0574
2019-04-30,2.078
2019-05-01,2.0903
2019-05-02,2.0667
2019-05-03,2.0691
2019-05-06,2.074
2019-05-07,2.0376
2019-05-08,2.0577
2019-05-09,2.0423
2019-05-10,2.0554
2019-05-13,2.0287
2019-05-14,2.0483
2019-05-15,2.091
2019-05-16,2.1252
2019-05-17,2.0911
2019-05-20,2.0747
2019-05-21,2.0758
2019-05-22,2.0432
2019-05-23,1.9656
2019-05-24,1.9879
2019-05-28,1.9928
2019-05-29,1.9758
2019-05-30,1.9125
2019-05-31,1.8363
2019-06-03,1.8012
2019-06-04,1.8053
2019-06-05,1.777
2019-06-06,1.805
2019-06-07,1.8235
2019-06-10,1.8124
2019-06-11,1.8195
2019-06-12,1.7757
2019-06-13,1.808
2019-06-14,1.832
2019-06-17,1.8023
2019-06-18,1.8319
2019-06-19,1.8375
2019-06-20,1.8906
2019-06-21,1.9218
2019-06-24,1.9073
2019-06-25,1.9398
2019-06-26,1.9656
2019-06-27,1.9486
2019-06-28,1.9308
2019-07-01,1.9551
2019-07-02,1.8905
2019-07-03,1.9035
2019-07-05,1.9092
2019-07-08,1.8921
2019-07-09,1.916
2019-07-10,1.9841
2019-07-11,1.9816
2019-07-12,1.9854
2019-07-15,1.9481
2019-07-16,1.8961
2019-07-17,1.8932
2019-07-18,1.8833
2019-07-19,1.896
2019-07-22,1.9023
2019-07-23,1.9282
2019-07-24,1.9089
2019-07-25,1.9075
2019-07-26,1.9069
2019-07-29,1.9157
2019-07-30,1.9526
2019-07-31,1.9612
2019-08-01,1.8694
2019-08-02,1.8769
2019-08-05,1.845
2019-08-06,1.8197
2019-08-07,1.7756
2019-08-08,1.7869
2019-08-09,1.798
2019-08-12,1.8064
2019-08-13,1.8698
2019-08-14,1.8368
2019-08-15,1.8139
2019-08-16,1.8146
2019-08-19,1.8351
2019-08-20,1.8538
2019-08-21,1.8565
2019-08-22,1.8411
2019-08-23,1.8108
2019-08-26,1.7992
2019-08-27,1.832
2019-08-28,1.8535
2019-08-29,1.8634
2019-08-30,1.8313
2019-09-03,1.8023
2019-09-04,1.8773
2019-09-05,1.8821
2019-09-06,1.9036
2019-09-09,1.932
2019-09-10,1.9395
2019-09-11,1.9086
2019-09-12,1.8844
2019-09-13,1.8752
2019-09-16,2.0624
2019-09-17,1.9812
2019-09-18,1.9779
2019-09-19,2.011
2019-09-20,2.0
2019-09-23,1.9929
2019-09-24,1.953
2019-09-25,1.9547
2019-09-26,1.9549
2019-09-27,1.9466
2019-09-30,1.9004
2019-10-01,1.9053
2019-10-02,1.8657
2019-10-03,1.8769
2019-10-04,1.898
2019-10-07,1.9035
2019-10-08,1.905
2019-10-09,1.9133
2019-10-10,1.9321
2019-10-11,1.9603
2019-10-14,1.9118
2019-10-15,1.9162
2019-10-16,1.9356
2019-10-17,1.9508
2019-10-18,1.9437
2019-10-21,1.9417
2019-10-22,1.9455
2019-10-23,1.9634
2019-10-24,1.9827
2019-10-25,1.9785
2019-10-28,1.9602
2019-10-29,1.955
2019-10-30,1.9101
2019-10-31,1.8848
2019-11-01,1.9311
2019-11-04,1.9434
2019-11-05,1.9566
2019-11-06,1.9281
2019-11-07,1.9191
2019-11-08,1.9243
2019-11-11,1.9154
2019-11-12,1.8956
2019-11-13,1.9159
2019-11-14,1.9195
2019-11-15,1.9517
2019-11-18,1.8983
2019-11-19,1.8567
2019-11-20,1.8942
2019-11-21,1.937
2019-11-22,1.9328
2019-11-25,1.9435
2019-11-26,1.9561
2019-11-27,1.9469
2019-11-29,1.8771
2019-12-02,1.887
2019-12-03,1.8854
2019-12-04,1.9247
2019-12-05,1.9319
2019-12-06,1.9535
2019-12-09,1.9414
2019-12-10,1.957
2019-12-11,1.9311
2019-12-12,1.9543
2019-12-13,1.9813
2019-12-16,2.0042
2019-12-17,2.0257
2019-12-18,2.019
2019-12-19,2.0307
2019-12-20,2.0204
2019-12-23,2.026
2019-12-24,2.0394
2019-12-26,2.0542
2019-12-27,2.0492
2019-12-30,2.0387
2019-12-31,2.0265
2020-01-02,2.0248
2020-01-03,2.0595
2020-01-06,2.0234
2020-01-07,2.032
2020-01-08,1.968
2020-01-09,1.9532
2020-01-10,1.937
2020-01-13,1.902
2020-01-14,1.9039
2020-01-15,1.886
2020-01-16,1.8648
2020-01-17,1.8675
2020-01-21,1.8275
2020-01-22,1.789
2020-01-23,1.7939
2020-01-24,1.7362
2020-01-27,1.6704
2020-01-28,1.7256
2020-01-29,1.6954
2020-01-30,1.6664
2020-01-31,1.6253
2020-02-03,1.5723
2020-02-04,1.5905
2020-02-05,1.658
2020-02-06,1.6712
2020-02-07,1.6459
2020-02-10,1.6138
2020-02-11,1.63
2020-02-12,1.6827
2020-02-13,1.6808
2020-02-14,1.7007
2020-02-18,1.6712
2020-02-19,1.7101
2020-02-20,1.6878
2020-02-21,1.6845
2020-02-24,1.6095
2020-02-25,1.5675
2020-02-26,1.5018
2020-02-27,1.4725
2020-02-28,1.4852
2020-03-02,1.5498
2020-03-03,1.5323
2020-03-04,1.5433
2020-03-05,1.4915
2020-03-06,1.3917
2020-03-09,1.1473
2020-03-10,1.2629
2020-03-11,1.242
2020-03-12,1.1366
2020-03-13,1.167
2020-03-16,1.0401
2020-03-17,1.0403
2020-03-18,0.9944
2020-03-19,1.0375
2020-03-20,1.0078
2020-03-23,1.0414
2020-03-24,1.084
2020-03-25,1.0884
2020-03-26,1.0727
2020-03-27,1.0663
2020-03-30,1.024
2020-03-31,0.9999
2020-04-01,0.9455
2020-04-02,0.9932
2020-04-03,1.1101
2020-04-06,1.0612
2020-04-07,1.0331
2020-04-08,1.0352
2020-04-09,0.9901
2020-04-13,1.0059
2020-04-14,0.9502
2020-04-15,0.9257
2020-04-16,0.9581
2020-04-17,0.9667
2020-04-20,0.8922
2020-04-21,0.7555
2020-04-22,0.7456
2020-04-23,0.7248
2020-04-24,0.6729
2020-04-27,0.6126
2020-04-28,0.6372
2020-04-29,0.703
2020-04-30,0.7697
2020-05-01,0.8055
2020-05-04,0.826
2020-05-05,0.9048
2020-05-06,0.83
2020-05-07,0.8392
2020-05-08,0.9018
2020-05-11,0.8769
2020-05-12,0.8218
2020-05-13,0.8375
2020-05-14,0.903
2020-05-15,0.9263
2020-05-18,1.0236
2020-05-19,0.9728
2020-05-20,0.9929
2020-05-21,0.9914
2020-05-22,0.9868
2020-05-26,0.9895
2020-05-27,0.9485
2020-05-28,0.9308
2020-05-29,0.997
2020-06-01,1.0369
2020-06-02,1.0863
2020-06-03,1.0624
2020-06-04,1.0753
2020-06-05,1.1347
2020-06-08,1.1202
2020-06-09,1.1431
2020-06-10,1.1608
2020-06-11,1.0825
2020-06-12,1.114
2020-06-15,1.1403
2020-06-16,1.1748
2020-06-17,1.1812
2020-06-18,1.1977
2020-06-19,1.2039
2020-06-22,1.218
2020-06-23,1.201
2020-06-24,1.1489
2020-06-25,1.1598
2020-06-26,1.128
2020-06-29,1.1687
2020-06-30,1.177
2020-07-01,1.198
2020-07-02,1.2246
2020-07-06,1.2446
2020-07-07,1.2383
2020-07-08,1.2373
2020-07-09,1.224
2020-07-10,1.2431
2020-07-13,1.2156
2020-07-14,1.2199
2020-07-15,1.2436
2020-07-16,1.2285
2020-07-17,1.2165
2020-07-20,1.235
2020-07-21,1.2726
2020-07-22,1.2739
2020-07-23,1.2555
2020-07-24,1.2555
2020-07-27,1.259
2020-07-28,1.2408
2020-07-29,1.2559
2020-07-30,1.2164
2020-07-31,1.2152
2020-08-03,1.2367
2020-08-04,1.2548
2020-08-05,1.2633
2020-08-06,1.2515
2020-08-07,1.2245
2020-08-10,1.2368
2020-08-11,1.242
2020-08-12,1.2545
2020-08-13,1.242
2020-08-14,1.2413
2020-08-17,1.2452
2020-08-18,1.2525
2020-08-19,1.2476
2020-08-20,1.2484
2020-08-21,1.2064
2020-08-24,1.2471
2020-08-25,1.2601
2020-08-26,1.243
2020-08-27,1.2118
2020-08-28,1.2217
2020-08-31,1.1958
2020-09-01,1.2331
2020-09-02,1.1878
2020-09-03,1.1635
2020-09-04,1.1415
2020-09-08,1.0828
2020-09-09,1.1003
2020-09-10,1.0763
2020-09-11,1.092
2020-09-14,1.0915
2020-09-15,1.0986
2020-09-16,1.1163
2020-09-17,1.1602
2020-09-18,1.1568
2020-09-21,1.1116
2020-09-22,1.0987
2020-09-23,1.101
2020-09-24,1.1139
2020-09-25,1.1245
2020-09-28,1.141
2020-09-29,1.1094
2020-09-30,1.147
2020-10-01,1.12
2020-10-02,1.084
2020-10-05,1.1371
2020-10-06,1.1703
2020-10-07,1.1647
2020-10-08,1.1909
2020-10-09,1.1917
2020-10-12,1.1595
2020-10-13,1.1666
2020-10-14,1.1945
2020-10-15,1.1877
2020-10-16,1.1766
2020-10-19,1.1534
2020-10-20,1.1653
2020-10-21,1.1389
2020-10-22,1.1568
2020-10-23,1.1493
2020-10-26,1.1245
2020-10-27,1.1457
2020-10-28,1.1128
2020-10-29,1.0839
2020-10-30,1.0858
2020-11-02,1.1162
2020-11-03,1.1348
2020-11-04,1.1715
2020-11-05,1.1639
2020-11-06,1.1486
2020-11-09,1.2084
2020-11-10,1.2618
2020-11-11,1.2456
2020-11-12,1.2259
2020-11-13,1.2051
2020-11-16,1.2316
2020-11-17,1.2423
2020-11-18,1.2628
2020-11-19,1.2758
2020-11-20,1.2864
2020-11-23,1.3064
2020-11-24,1.3595
2020-11-25,1.3927
2020-11-27,1.381
2020-11-30,1.3683
2020-12-01,1.3427
2020-12-02,1.3615
2020-12-03,1.3912
2020-12-04,1.3991
2020-12-07,1.3963
2020-12-08,1.4052
2020-12-09,1.4039
2020-12-10,1.44
2020-12-11,1.4352
2020-12-14,1.4564
2020-12-15,1.4613
2020-12-16,1.4775
2020-12-17,1.4944
2020-12-18,1.5114
2020-12-21,1.4756
2020-12-22,1.4571
2020-12-23,1.4959
2020-12-24,1.494
2020-12-28,1.4813
2020-12-29,1.4878
2020-12-30,1.4874
2020-12-31,1.4832
2021-01-04,1.4551
2021-01-05,1.517
2021-01-06,1.5258
2021-01-07,1.5397
2021-01-08,1.586
2021-01-11,1.5724
2021-01-12,1.5997
2021-01-13,1.597
2021-01-14,1.6205
2021-01-15,1.586
2021-01-19,1.5988
2021-01-20,1.5906
2021-01-21,1.5978
2021-01-22,1.5685
2021-01-25,1.5985
2021-01-26,1.5994
2021-01-27,1.6069
2021-01-28,1.5934
2021-01-29,1.5992
2021-02-01,1.6476
2021-02-02,1.6869
2021-02-03,1.6946
2021-02-04,1.7112
2021-02-05,1.7163
2021-02-08,1.7527
2021-02-09,1.7559
2021-02-10,1.757
2021-02-11,1.7379
2021-02-12,1.7739
2021-02-16,1.8165
2021-02-17,1.8522
2021-02-18,1.8261
2021-02-19,1.8135
2021-02-22,1.8737
2021-02-23,1.8602
2021-02-24,1.9111
2021-02-25,1.9078
2021-02-26,1.8489
2021-03-01,1.8072
2021-03-02,1.804
2021-03-03,1.8297
2021-03-04,1.898
2021-03-05,1.9481
2021-03-08,1.9024
2021-03-09,1.8982
2021-03-10,1.9162
2021-03-11,1.9575
2021-03-12,1.966
2021-03-15,1.9446
2021-03-16,1.935
2021-03-17,1.8983
2021-03-18,1.7736
2021-03-19,1.824
2021-03-22,1.821
2021-03-23,1.7326
2021-03-24,1.8192
2021-03-25,1.7469
2021-03-26,1.8086
2021-03-29,1.8102
2021-03-30,1.7885
2021-03-31,1.7705
2021-04-01,1.8272
2021-04-05,1.7747
2021-04-06,1.7889
2021-04-07,1.8021
2021-04-08,1.8083
2021-04-09,1.8089
2021-04-12,1.8074
2021-04-13,1.823
2021-04-14,1.8788
2021-04-15,1.8968
2021-04-16,1.8913
2021-04-19,1.896
2021-04-20,1.8741
2021-04-21,1.846
2021-04-22,1.8638
2021-04-23,1.871
2021-04-26,1.8799
2021-04-27,1.9118
2021-04-28,1.9357
2021-04-29,1.9572
2021-04-30,1.9208
2021-05-03,1.9548
2021-05-04,2.0107
2021-05-05,1.9932
2021-05-06,1.9934
2021-05-07,2.0106
2021-05-10,2.0186
2021-05-11,2.0432
2021-05-12,2.0685
2021-05-13,1.9963
2021-05-14,2.0373
2021-05-17,2.0607
2021-05-18,2.0483
2021-05-19,2.006
2021-05-20,1.9565
2021-05-21,1.9961
2021-05-24,2.0448
2021-05-25,2.0343
2021-05-26,2.0492
2021-05-27,2.0585
2021-05-28,2.0388
2021-06-01,2.0799
2021-06-02,2.1047
2021-06-03,2.1036
2021-06-04,2.1141
2021-06-07,2.1134
2021-06-08,2.1314
2021-06-09,2.1229
2021-06-10,2.1401
2021-06-11,2.1155
2021-06-14,2.1145
2021-06-15,2.1148
2021-06-16,2.0925
2021-06-17,2.0684
2021-06-18,2.0818
2021-06-21,2.1249
2021-06-22,2.1557
2021-06-23,2.1597
2021-06-24,2.1651
2021-06-25,2.1471
2021-06-28,2.1188
2021-06-29,2.1305
2021-06-30,2.126
2021-07-01,2.1477
2021-07-02,2.1791
2021-07-06,2.1263
2021-07-07,2.0869
2021-07-08,2.1289
2021-07-09,2.1527
2021-07-12,2.1532
2021-07-13,2.1829
2021-07-14,2.139
2021-07-15,2.1042
2021-07-16,2.1017
2021-07-19,1.9876
2021-07-20,1.9917
2021-07-21,2.0836
2021-07-22,2.1283
2021-07-23,2.1361
2021-07-26,2.1577
2021-07-27,2.1496
2021-07-28,2.1536
2021-07-29,2.1869
2021-07-30,2.1905
2021-08-02,2.1431
2021-08-03,2.12
2021-08-04,2.0724
2021-08-05,2.1004
2021-08-06,2.0732
2021-08-09,2.0467
2021-08-10,2.0885
2021-08-11,2.1102
2021-08-12,2.1005
2021-08-13,2.0678
2021-08-16,2.0526
2021-08-17,2.0329
2021-08-18,1.9984
2021-08-19,1.9666
2021-08-20,1.8965
2021-08-23,2.0034
2021-08-24,2.0676
2021-08-25,2.1114
2021-08-26,2.0788
2021-08-27,2.1078
2021-08-30,2.1381
2021-08-31,2.1372
2021-09-01,2.1181
2021-09-02,2.1623
2021-09-03,2.1521
2021-09-07,2.1226
2021-09-08,2.1346
2021-09-09,2.1082
2021-09-10,2.142
2021-09-13,2.1616
2021-09-14,2.168
2021-09-15,2.2033
2021-09-16,2.2108
2021-09-17,2.2064
2021-09-20,2.1655
2021-09-21,2.1824
2021-09-22,2.2046
2021-09-23,2.245
2021-09-24,2.2662
2021-09-27,2.2957
2021-09-28,2.267
2021-09-29,2.316
2021-09-30,2.3435
2021-10-01,2.3781
2021-10-04,2.4361
2021-10-05,2.4927
2021-10-06,2.4334
2021-10-07,2.4708
2021-10-08,2.4733
2021-10-11,2.5137
2021-10-12,2.5078
2021-10-13,2.5274
2021-10-14,2.5671
2021-10-15,2.5737
2021-10-18,2.5357
2021-10-19,2.5649
2021-10-20,2.591
2021-10-21,2.5511
2021-10-22,2.5454
2021-10-25,2.5635
2021-10-26,2.5684
2021-10-27,2.5037
2021-10-28,2.5063
2021-10-29,2.4873
2021-11-01,2.5014
2021-11-02,2.4858
2021-11-03,2.4181
2021-11-04,2.4154
2021-11-05,2.4415
2021-11-08,2.4721
2021-11-09,2.5153
2021-11-10,2.4444
2021-11-11,2.4355
2021-11-12,2.3991
2021-11-15,2.4011
2021-11-16,2.4288
2021-11-17,2.3703
2021-11-18,2.3815
2021-11-19,2.2834
2021-11-22,2.3225
2021-11-23,2.3854
2021-11-24,2.3755
2021-11-26,2.0925
2021-11-29,2.15
2021-11-30,2.0623
2021-12-01,2.0776
2021-12-02,2.1133
2021-12-03,2.0971
2021-12-06,2.1844
2021-12-07,2.2289
2021-12-08,2.2677
2021-12-09,2.2361
2021-12-10,2.2611
2021-12-13,2.2326
2021-12-14,2.2097
2021-12-15,2.236
2021-12-16,2.2545
2021-12-17,2.2118
2021-12-20,2.1914
2021-12-21,2.2564
2021-12-22,2.311
2021-12-23,2.33
2021-12-27,2.3608
2021-12-28,2.3705
2021-12-29,2.3804
2021-12-30,2.3801
2021-12-31,2.3283
2022-01-03,2.3589
2022-01-04,2.4136
2022-01-05,2.4288
2022-01-06,2.4805
2022-01-07,2.4872
2022-01-10,2.4911
2022-01-11,2.5664
2022-01-12,2.5971
2022-01-13,2.599
2022-01-14,2.6369
2022-01-18,2.7098
2022-01-19,2.665
2022-01-20,2.6426
2022-01-21,2.6839
2022-01-24,2.6494
2022-01-25,2.6669
2022-01-26,2.7403
2022-01-27,2.8272
2022-01-28,2.7923
2022-01-31,2.7599
2022-02-01,2.7531
2022-02-02,2.7661
2022-02-03,2.8297
2022-02-04,2.8528
2022-02-07,2.8613
2022-02-08,2.8075
2022-02-09,2.8336
2022-02-10,2.8237
2022-02-11,2.9379
2022-02-14,2.9397
2022-02-15,2.87
2022-02-16,2.7908
2022-02-17,2.792
2022-02-18,2.7993
2022-02-22,2.8029
2022-02-23,2.8388
2022-02-24,2.9007
2022-02-25,2.8655
2022-02-28,3.0132
2022-03-01,3.2233
2022-03-02,3.5594
2022-03-03,3.485
2022-03-04,3.751
2022-03-07,3.9804
2022-03-08,4.5275
2022-03-09,3.5635
2022-03-10,3.3008
2022-03-11,3.3976
2022-03-14,3.2325
2022-03-15,2.9923
2022-03-16,3.1479
2022-03-17,3.4995
2022-03-18,3.59
2022-03-21,3.828
2022-03-22,3.8153
2022-03-23,4.0826
2022-03-24,4.1499
2022-03-25,4.0704
2022-03-28,3.6948
2022-03-29,3.7521
2022-03-30,3.7972
2022-03-31,3.6726
2022-04-01,3.4799
2022-04-04,3.5597
2022-04-05,3.4518
2022-04-06,3.3575
2022-04-07,3.2985
2022-04-08,3.3202
2022-04-11,3.289
2022-04-12,3.496
2022-04-13,3.7686
2022-04-14,3.8259
2022-04-18,3.8975
2022-04-19,3.8673
2022-04-20,3.9581
2022-04-21,3.9308
2022-04-22,3.961
2022-04-25,4.1046
2022-04-26,4.4007
2022-04-27,4.7001
2022-04-28,4.944
2022-04-29,4.4192
2022-05-02,4.2537
2022-05-03,4.1267
2022-05-04,4.2021
2022-05-05,4.0702
2022-05-06,4.0005
2022-05-09,3.8091
2022-05-10,3.9419
2022-05-11,3.9522
2022-05-12,3.9287
2022-05-13,3.9176
2022-05-16,3.893
2022-05-17,3.8117
2022-05-18,3.6651
2022-05-19,3.7817
2022-05-20,3.7365
2022-05-23,3.7735
2022-05-24,3.8
2022-05-25,3.8762
2022-05-26,3.9786
2022-05-27,3.9969
2022-05-31,3.9894
2022-06-01,4.1256
2022-06-02,4.2767
2022-06-03,4.3329
2022-06-06,4.3823
2022-06-07,4.3129
2022-06-08,4.3216
2022-06-09,4.4147
2022-06-10,4.3535
2022-06-13,4.2765
2022-06-14,4.3775
2022-06-15,4.5138
2022-06-16,4.5618
2022-06-17,4.3932
2022-06-21,4.3666
2022-06-22,4.3514
2022-06-23,4.2999
2022-06-24,4.3575
2022-06-27,4.2673
2022-06-28,4.1854
2022-06-29,4.0255
2022-06-30,3.9083
2022-07-01,3.9603
2022-07-05,3.5695
2022-07-06,3.4283
2022-07-07,3.6712
2022-07-08,3.6696
2022-07-11,3.7647
2022-07-12,3.6326
2022-07-13,3.6845
2022-07-14,3.6746
2022-07-15,3.7
2022-07-18,3.6275
2022-07-19,3.6384
2022-07-20,3.6131
2022-07-21,3.5752
2022-07-22,3.4809
2022-07-25,3.5066
2022-07-26,3.5825
2022-07-27,3.7199
2022-07-28,3.7044
2022-07-29,3.6043
2022-08-01,3.4344
2022-08-02,3.3792
2022-08-03,3.4229
2022-08-04,3.2879
2022-08-05,3.2025
2022-08-08,3.1853
2022-08-09,3.3319
2022-08-10,3.4001
2022-08-11,3.4862
2022-08-12,3.5103
2022-08-15,3.4192
2022-08-16,3.4802
2022-08-17,3.5985
2022-08-18,3.6391
2022-08-19,3.6815
2022-08-22,3.7665
2022-08-23,3.8321
2022-08-24,4.0381
2022-08-25,3.9492
2022-08-26,4.016
2022-08-29,3.9251
2022-08-30,3.8223
2022-08-31,3.7024
2022-09-01,3.5473
2022-09-02,3.6258
2022-09-06,3.5705
2022-09-07,3.5536
2022-09-08,3.5316
2022-09-09,3.5903
2022-09-12,3.6042
2022-09-13,3.5465
2022-09-14,3.3877
2022-09-15,3.2332
2022-09-16,3.183
2022-09-19,3.3091
2022-09-20,3.366
2022-09-21,3.3203
2022-09-22,3.3967
2022-09-23,3.2485
2022-09-26,3.1348
2022-09-27,3.243
2022-09-28,3.4485
2022-09-29,3.395
2022-09-30,3.3745
2022-10-03,3.358
2022-10-04,3.5216
2022-10-05,3.7014
2022-10-06,3.8778
2022-10-07,4.0385
2022-10-10,3.8625
2022-10-11,3.8868
2022-10-12,3.9148
2022-10-13,4.0855
2022-10-14,3.9923
2022-10-17,4.0965
2022-10-18,3.9903
2022-10-19,3.8034
2022-10-20,3.7581
2022-10-21,3.8294
2022-10-24,3.9433
2022-10-25,3.9518
2022-10-26,4.1649
2022-10-27,4.3561
2022-10-28,4.652
2022-10-31,4.493
2022-11-01,3.6326
2022-11-02,3.685
2022-11-03,3.862
2022-11-04,3.8938
2022-11-07,3.7769
2022-11-08,3.7811
2022-11-09,3.6401
2022-11-10,3.5697
2022-11-11,3.5886
2022-11-14,3.5397
2022-11-15,3.6263
2022-11-16,3.622
2022-11-17,3.5275
2022-11-18,3.5181
2022-11-21,3.4885
2022-11-22,3.4736
2022-11-23,3.35
2022-11-25,3.274
2022-11-28,3.1777
2022-11-29,3.315
2022-11-30,3.3823
2022-12-01,3.2561
2022-12-02,3.1773
2022-12-05,3.0037
2022-12-06,2.9143
2022-12-07,2.7823
2022-12-08,2.8709
2022-12-09,2.8126
2022-12-12,2.9543
2022-12-13,3.0887
2022-12-14,3.2707
2022-12-15,3.2868
2022-12-16,3.1343
2022-12-19,3.0831
2022-12-20,3.0624
2022-12-21,3.1803
2022-12-22,3.1437
2022-12-23,3.2663
2022-12-27,3.3874
2022-12-28,3.3474
2022-12-29,3.326
2022-12-30,3.3586
2023-01-03,3.0877
2023-01-04,3.0047
2023-01-05,2.9801
2023-01-06,3.0112
2023-01-09,3.0359
2023-01-10,3.1133
2023-01-11,3.1902
2023-01-12,3.2191
2023-01-13,3.2662
2023-01-17,3.2709
2023-01-18,3.2478
2023-01-19,3.3832
2023-01-20,3.466
2023-01-23,3.5474
2023-01-24,3.4587
2023-01-25,3.3592
2023-01-26,3.3988
2023-01-27,3.2655
2023-01-30,3.1153
2023-01-31,3.1996
2023-02-01,2.9673
2023-02-02,2.9071
2023-02-03,2.7868
2023-02-06,2.7726
2023-02-07,2.908
2023-02-08,2.9018
2023-02-09,2.8207
2023-02-10,2.8698
2023-02-13,2.8837
2023-02-14,2.917
2023-02-15,2.8418
2023-02-16,2.7918
2023-02-17,2.7294
2023-02-21,2.7974
2023-02-22,2.7034
2023-02-23,2.7223
2023-02-24,2.7966
2023-02-27,2.8206
2023-02-28,2.8229
2023-03-01,2.8713
2023-03-02,2.8563
2023-03-03,2.9046
2023-03-06,2.8939
2023-03-07,2.789
2023-03-08,2.7399
2023-03-09,2.6671
2023-03-10,2.7814
2023-03-13,2.779
2023-03-14,2.7274
2023-03-15,2.6059
2023-03-16,2.6442
2023-03-17,2.6791
2023-03-20,2.686
2023-03-21,2.6937
2023-03-22,2.7165
2023-03-23,2.6819
2023-03-24,2.7091
2023-03-27,2.7653
2023-03-28,2.7561
2023-03-29,2.6416
2023-03-30,2.6418
2023-03-31,2.6797
2023-04-03,2.6675
2023-04-04,2.6914
2023-04-05,2.729
2023-04-06,2.6606
2023-04-10,2.6844
2023-04-11,2.67
2023-04-12,2.701
2023-04-13,2.6811
2023-04-14,2.6474
2023-04-17,2.6222
2023-04-18,2.5963
2023-04-19,2.5502
2023-04-20,2.4926
2023-04-21,2.4991
2023-04-24,2.5219
2023-04-25,2.4507
2023-04-26,2.3777
2023-04-27,2.358
2023-04-28,2.3738
2023-05-01,2.3805
2023-05-02,2.2925
2023-05-03,2.2123
2023-05-04,2.2369
2023-05-05,2.325
2023-05-08,2.3605
2023-05-09,2.3931
2023-05-10,2.3951
2023-05-11,2.3567
2023-05-12,2.3018
2023-05-15,2.3818
2023-05-16,2.3546
2023-05-17,2.4216
2023-05-18,2.407
2023-05-19,2.3666
2023-05-22,2.3683
2023-05-23,2.3793
2023-05-24,2.4098
2023-05-25,2.3415
2023-05-26,2.3753
2023-05-30,2.2856
2023-05-31,2.2562
2023-06-01,2.3164
2023-06-02,2.3624
2023-06-05,2.374
2023-06-06,2.3554
2023-06-07,2.4051
2023-06-08,2.3804
2023-06-09,2.3642
2023-06-12,2.3163
2023-06-13,2.3931
2023-06-14,2.3643
2023-06-15,2.4803
2023-06-16,2.55
2023-06-20,2.4649
2023-06-21,2.5622
2023-06-22,2.467
2023-06-23,2.4199
2023-06-26,2.454
2023-06-27,2.4199
2023-06-28,2.4032
2023-06-29,2.4197
2023-06-30,2.4533
2023-07-03,2.3919
2023-07-05,2.4966
2023-07-06,2.4864
2023-07-07,2.5606
2023-07-10,2.5549
2023-07-11,2.5774
2023-07-12,2.6071
2023-07-13,2.6184
2023-07-14,2.5939
2023-07-17,2.5653
2023-07-18,2.6105
2023-07-19,2.6411
2023-07-20,2.6713
2023-07-21,2.7388
2023-07-24,2.7779
2023-07-25,2.7718
2023-07-26,2.8428
2023-07-27,2.91
2023-07-28,2.9624
2023-07-31,3.0041
2023-08-01,3.0575
2023-08-02,3.0156
2023-08-03,3.0882
2023-08-04,3.0637
2023-08-07,3.0306
2023-08-08,3.086
2023-08-09,3.21
2023-08-10,3.1525
2023-08-11,3.1144
2023-08-14,3.077
2023-08-15,3.0354
2023-08-16,3.0225
2023-08-17,3.096
2023-08-18,3.1664
2023-08-21,3.128
2023-08-22,3.1412
2023-08-23,3.1175
2023-08-24,3.1503
2023-08-25,3.311
2023-08-28,3.1896
2023-08-29,3.198
2023-08-30,3.1
2023-08-31,3.1521
2023-09-01,3.1202
2023-09-05,3.2255
2023-09-06,3.1959
2023-09-07,3.2234
2023-09-08,3.2879
2023-09-11,3.3577
2023-09-12,3.3276
2023-09-13,3.4397
2023-09-14,3.4762
2023-09-15,3.3982
2023-09-18,3.3006
2023-09-19,3.4043
2023-09-20,3.312
2023-09-21,3.3707
2023-09-22,3.3414
2023-09-25,3.2621
2023-09-26,3.2554
2023-09-27,3.3116
2023-09-28,3.3358
2023-09-29,3.3519
2023-10-02,3.2249
2023-10-03,3.1891
2023-10-04,3.0215
2023-10-05,2.8797
2023-10-06,2.9082
2023-10-09,2.9786
2023-10-10,3.0208
2023-10-11,3.004
2023-10-12,3.0456
2023-10-13,3.2104
2023-10-16,3.1564
2023-10-17,3.1722
2023-10-18,3.1384
2023-10-19,3.1768
2023-10-20,3.17
2023-10-23,3.1052
2023-10-24,3.0389
2023-10-25,3.0218
2023-10-26,3.0413
2023-10-27,3.0375
2023-10-30,2.9764
2023-10-31,2.9892
2023-11-01,2.9713
2023-11-02,3.0157
2023-11-03,2.9179
2023-11-06,2.9564
2023-11-07,2.8195
2023-11-08,2.7508
2023-11-09,2.7151
2023-11-10,2.748
2023-11-13,2.8407
2023-11-14,2.8337
2023-11-15,2.8659
2023-11-16,2.7499
2023-11-17,2.7628
2023-11-20,2.8487
2023-11-21,2.9298
2023-11-22,2.8751
2023-11-24,2.823
2023-11-27,2.8386
2023-11-28,2.883
2023-11-29,2.8772
2023-11-30,2.8348
2023-12-01,2.6699
2023-12-04,2.6632
2023-12-05,2.6309
2023-12-06,2.5766
2023-12-07,2.5614
2023-12-08,2.5849
2023-12-11,2.607
2023-12-12,2.5156
2023-12-13,2.566
2023-12-14,2.5904
2023-12-15,2.626
2023-12-18,2.6818
2023-12-19,2.727
2023-12-20,2.6981
2023-12-21,2.7057
2023-12-22,2.6532
2023-12-26,2.6625
2023-12-27,2.6197
2023-12-28,2.5617
2023-12-29,2.5339
2024-01-02,2.5305
2024-01-03,2.6034
2024-01-04,2.5938
2024-01-05,2.6195
2024-01-08,2.5885
2024-01-09,2.648
2024-01-10,2.6045
2024-01-11,2.6903
2024-01-12,2.6756
2024-01-16,2.6476
2024-01-17,2.6473
2024-01-18,2.69
2024-01-19,2.6661
2024-01-22,2.695
2024-01-23,2.6961
2024-01-24,2.6872
2024-01-25,2.7941
2024-01-26,2.8716
2024-01-29,2.836
2024-01-30,2.8067
2024-01-31,2.7938
2024-02-01,2.7222
2024-02-02,2.6723
2024-02-05,2.7273
2024-02-06,2.7559
2024-02-07,2.8218
2024-02-08,2.8915
2024-02-09,2.9481
2024-02-12,2.9312
2024-02-13,2.8981
2024-02-14,2.8001
2024-02-15,2.8159
2024-02-16,2.8097
2024-02-20,2.7379
2024-02-21,2.7197
2024-02-22,2.7496
2024-02-23,2.6931
2024-02-26,2.7713
2024-02-27,2.7347
2024-02-28,2.6507
2024-02-29,2.676
2024-03-01,2.6993
2024-03-04,2.6461
2024-03-05,2.5997
2024-03-06,2.6594
2024-03-07,2.6996
2024-03-08,2.6298
2024-03-11,2.6511
2024-03-12,2.6285
2024-03-13,2.69
2024-03-14,2.7047
2024-03-15,2.7249
2024-03-18,2.7736
2024-03-19,2.7523
2024-03-20,2.692
2024-03-21,2.6619
2024-03-22,2.6591
2024-03-25,2.6823
2024-03-26,2.6107
2024-03-27,2.5981
2024-03-28,2.6171
2024-04-01,2.6357
2024-04-02,2.7249
2024-04-03,2.7365
2024-04-04,2.7572
2024-04-05,2.7539
2024-04-08,2.7293
2024-04-09,2.6757
2024-04-10,2.7156
2024-04-11,2.67
2024-04-12,2.6816
2024-04-15,2.6598
2024-04-16,2.6515
2024-04-17,2.5782
2024-04-18,2.5333
2024-04-19,2.547
2024-04-22,2.5674
2024-04-23,2.5734
2024-04-24,2.5554
2024-04-25,2.5574
2024-04-26,2.5488
2024-04-29,2.5368
2024-04-30,2.5149
2024-05-01,2.4563
2024-05-02,2.4516
2024-05-03,2.4422
2024-05-06,2.4671
2024-05-07,2.462
2024-05-08,2.4855
2024-05-09,2.4823
2024-05-10,2.4329
2024-05-13,2.4399
2024-05-14,2.4291
2024-05-15,2.4279
2024-05-16,2.4523
2024-05-17,2.4888
2024-05-20,2.4798
2024-05-21,2.4595
2024-05-22,2.4273
2024-05-23,2.418
2024-05-24,2.4154
2024-05-28,2.4793
2024-05-29,2.4336
2024-05-30,2.3665
2024-05-31,2.3633
2024-06-03,2.287
2024-06-04,2.2813
2024-06-05,2.3096
2024-06-06,2.3603
2024-06-07,2.3587
2024-06-10,2.423
2024-06-11,2.4331
2024-06-12,2.4393
2024-06-13,2.485
2024-06-14,2.4737
2024-06-17,2.488
2024-06-18,2.5288
2024-06-20,2.5264
2024-06-21,2.4894
2024-06-24,2.5246
2024-06-25,2.511
2024-06-26,2.5355
2024-06-27,2.5491
2024-06-28,2.5156
2024-07-01,2.6125
2024-07-02,2.6355
2024-07-03,2.626
2024-07-05,2.62
2024-07-08,2.573
2024-07-09,2.5312
2024-07-10,2.5242
2024-07-11,2.5229
2024-07-12,2.5076
2024-07-15,2.5123
2024-07-16,2.4645
2024-07-17,2.4974
2024-07-18,2.4779
2024-07-19,2.4198
2024-07-22,2.4321
2024-07-23,2.4247
2024-07-24,2.4456
2024-07-25,2.475
2024-07-26,2.4122
2024-07-29,2.378
2024-07-30,2.3489
2024-07-31,2.4154
2024-08-01,2.4232
2024-08-02,2.3319
2024-08-05,2.3229
2024-08-06,2.2939
2024-08-07,2.3575
2024-08-08,2.3592
2024-08-09,2.3425
2024-08-12,2.4028
2024-08-13,2.3984
2024-08-14,2.368
2024-08-15,2.376
2024-08-16,2.3312
2024-08-19,2.2672
2024-08-20,2.2707
2024-08-21,2.2494
2024-08-22,2.2702
2024-08-23,2.3097
2024-08-26,2.3454
2024-08-27,2.2896
2024-08-28,2.2295
2024-08-29,2.2961
2024-08-30,2.2502
2024-09-03,2.2062
2024-09-04,2.1605
2024-09-05,2.1744
2024-09-06,2.1243
2024-09-09,2.151
2024-09-10,2.0693
2024-09-11,2.0975
2024-09-12,2.1237
2024-09-13,2.089
2024-09-16,2.0997
2024-09-17,2.1438
2024-09-18,2.1303
2024-09-19,2.1737
2024-09-20,2.1744
2024-09-23,2.1586
2024-09-24,2.1861
2024-09-25,2.1658
2024-09-26,2.1352
2024-09-27,2.1475
2024-09-30,2.133
2024-10-01,2.1968
2024-10-02,2.202
2024-10-03,2.2988
2024-10-04,2.3196
2024-10-07,2.3938
2024-10-08,2.3102
2024-10-09,2.2832
2024-10-10,2.3475
2024-10-11,2.3399
2024-10-14,2.2213
2024-10-15,2.1989
2024-10-16,2.1824
2024-10-17,2.1939
2024-10-18,2.1536
2024-10-21,2.1797
2024-10-22,2.2292
2024-10-23,2.2283
2024-10-24,2.2115
2024-10-25,2.2363
2024-10-28,2.1427
2024-10-29,2.1463
2024-10-30,2.2063
2024-10-31,2.2208
2024-11-01,2.2256
2024-11-04,2.2865
2024-11-05,2.2989
2024-11-06,2.2703
2024-11-07,2.2806
2024-11-08,2.2393
2024-11-11,2.2
2024-11-12,2.2067
2024-11-13,2.2141
2024-11-14,2.2096
2024-11-15,2.1727
2024-11-18,2.255
2024-11-19,2.235
2024-11-20,2.2311
2024-11-21,2.2697
2024-11-22,2.273
2024-11-25,2.2435
2024-11-26,2.2414
2024-11-27,2.2017
2024-11-29,2.1853
2024-12-02,2.1797
2024-12-03,2.214
2024-12-04,2.1712
2024-12-05,2.1582
2024-12-06,2.131
2024-12-09,2.1792
2024-12-10,2.1833
2024-12-11,2.2286
2024-12-12,2.2359
2024-12-13,2.2664
2024-12-16,2.2601
2024-12-17,2.2344
2024-12-18,2.2444
2024-12-19,2.2307
2024-12-20,2.237
2024-12-23,2.2387
2024-12-24,2.2242
2024-12-26,2.2071
2024-12-27,2.2372
2024-12-30,2.304
2024-12-31,2.319
2025-01-02,2.3579
2025-01-03,2.3548
2025-01-06,2.3572
2025-01-07,2.3677
2025-01-08,2.3568
2025-01-09,2.3911
2025-01-10,2.501
2025-01-13,2.5351
2025-01-14,2.5463
2025-01-15,2.6315
2025-01-16,2.6172
2025-01-17,2.6323
2025-01-21,2.566
2025-01-22,2.4746
2025-01-23,2.4697
2025-01-24,2.5093
2025-01-27,2.4642
2025-01-28,2.4518
2025-01-29,2.4608
2025-01-30,2.495
2025-01-31,2.4406
2025-02-03,2.422
2025-02-04,2.4367
2025-02-05,2.3857
2025-02-06,2.4062
2025-02-07,2.436
2025-02-10,2.4556
2025-02-11,2.5138
2025-02-12,2.4445
2025-02-13,2.4544
2025-02-14,2.4438
2025-02-18,2.4379
2025-02-19,2.4661
2025-02-20,2.4994
2025-02-21,2.4327
2025-02-24,2.4528
2025-02-25,2.3904
2025-02-26,2.3503
2025-02-27,2.3952
2025-02-28,2.3567
2025-03-03,2.2787
2025-03-04,2.2661
2025-03-05,2.2413
2025-03-06,2.2108
2025-03-07,2.2122
2025-03-10,2.1779
2025-03-11,2.2097
2025-03-12,2.2079
2025-03-13,2.1627
2025-03-14,2.1666
2025-03-17,2.2028
2025-03-18,2.1953
2025-03-19,2.2379
2025-03-20,2.2574
2025-03-21,2.2524
2025-03-24,2.2608
2025-03-25,2.2866
2025-03-26,2.2937
2025-03-27,2.2848
2025-03-28,2.256
2025-03-31,2.305
2025-04-01,2.2914
2025-04-02,2.2961
2025-04-03,2.1805
2025-04-04,2.0917
2025-04-07,2.0759
2025-04-08,2.0217
2025-04-09,2.1201
2025-04-10,2.0542
2025-04-11,2.0687
2025-04-14,2.0915
2025-04-15,2.0915
2025-04-16,2.1197
2025-04-17,2.1465
2025-04-21,2.1189
2025-04-22,2.1509
2025-04-23,2.1267
2025-04-24,2.1487
2025-04-25,2.1749
2025-04-28,2.176
2025-04-29,2.1076
2025-04-30,2.0267
2025-05-01,2.0074
2025-05-02,1.9959
2025-05-05,1.9785
2025-05-06,2.0061
2025-05-07,1.9739
2025-05-08,2.0573
2025-05-09,2.0715
2025-05-12,2.111
2025-05-13,2.1792
2025-05-14,2.1921
2025-05-15,2.1685
2025-05-16,2.1404
2025-05-19,2.1284
2025-05-20,2.134
2025-05-21,2.1308
2025-05-22,2.1114
2025-05-23,2.1084
2025-05-27,2.0823
2025-05-28,2.0844
2025-05-29,2.0448
2025-05-30,2.015
2025-06-02,2.0571
2025-06-03,2.0994
2025-06-04,2.0676
2025-06-05,2.0914
2025-06-06,2.1307
2025-06-09,2.1476
2025-06-10,2.135
2025-06-11,2.2075
2025-06-12,2.209
2025-06-13,2.381
2025-06-16,2.3852
2025-06-17,2.5264
2025-06-18,2.541
2025-06-20,2.5428
2025-06-23,2.3199
2025-06-24,2.3148
2025-06-25,2.3023
2025-06-26,2.367
2025-06-27,2.2937
2025-06-30,2.3545
2025-07-01,2.3363
2025-07-02,2.4193
2025-07-03,2.3676
2025-07-07,2.4145
2025-07-08,2.436
2025-07-09,2.409
2025-07-10,2.3939
2025-07-11,2.466
2025-07-14,2.3807
2025-07-15,2.4121
2025-07-16,2.3945
2025-07-17,2.4696
2025-07-18,2.451
2025-07-21,2.4926
2025-07-22,2.4445
2025-07-23,2.4506
2025-07-24,2.409
2025-07-25,2.3969
2025-07-28,2.4243
2025-07-29,2.4516
2025-07-30,2.4288
2025-07-31,2.3996
2025-08-01,2.2882
2025-08-04,2.3101
2025-08-05,2.2495
2025-08-06,2.2566
2025-08-07,2.2614
2025-08-08,2.2689
2025-08-11,2.2868
2025-08-12,2.2412
2025-08-13,2.2432
2025-08-14,2.2389
2025-08-15,2.2302
2025-08-18,2.242
2025-08-19,2.2567
2025-08-20,2.2759
2025-08-21,2.3245
2025-08-22,2.309
2025-08-25,2.3495
2025-08-26,2.2859
2025-08-27,2.2833
2025-08-28,2.2949
2025-08-29,2.2722
2025-09-02,2.3716
2025-09-03,2.342
2025-09-04,2.3279
2025-09-05,2.2904
2025-09-08,2.3202
2025-09-09,2.3243
2025-09-10,2.3359
2025-09-11,2.2786
2025-09-12,2.2913
2025-09-15,2.329
2025-09-16,2.3948
2025-09-17,2.3501
2025-09-18,2.3444
2025-09-19,2.3022
2025-09-22,2.2965
2025-09-23,2.3427
2025-09-24,2.3734
2025-09-25,2.4281
2025-09-26,2.4226
2025-09-29,2.3427
2025-09-30,2.3288
2025-10-01,2.3014
2025-10-02,2.2463
2025-10-03,2.2349
2025-10-06,2.2516
2025-10-07,2.2762
2025-10-08,2.2868
2025-10-09,2.2764
2025-10-10,2.193
2025-10-13,2.2512
2025-10-14,2.2008
2025-10-15,2.1987
2025-10-16,2.154
2025-10-17,2.1797
2025-10-20,2.1827
2025-10-21,2.2055
2025-10-22,2.2858
2025-10-23,2.3833
2025-10-24,2.397
2025-10-27,2.4389
2025-10-28,2.3858
2025-10-29,2.4228
2025-10-30,2.4147
2025-10-31,2.4271
2025-11-03,2.4062
2025-11-04,2.4473
2025-11-05,2.4294
2025-11-06,2.4964
2025-11-07,2.4822
2025-11-10,2.4951
2025-11-11,2.5818
2025-11-12,2.4713
2025-11-13,2.4676
2025-11-14,2.5255
2025-11-17,2.5408
2025-11-18,2.695
2025-11-19,2.6592
2025-11-20,2.523
2025-11-21,2.4388
2025-11-24,2.421
2025-11-25,2.357
2025-11-26,2.3254
2025-11-28,2.3247
2025-12-01,2.3462
2025-12-02,2.2991
2025-12-03,2.2989
2025-12-04,2.3186
2025-12-05,2.3664
2025-12-08,2.2967
2025-12-09,2.2686
2025-12-10,2.2829
2025-12-11,2.2442
2025-12-12,2.2046
2025-12-15,2.1794
2025-12-16,2.1252
2025-12-17,2.1791
2025-12-18,2.1322
2025-12-19,2.1237
2025-12-22,2.1548
2025-12-23,2.1918
2025-12-24,2.1623
2025-12-26,2.1094
2025-12-29,2.1297
2025-12-30,2.1517
2025-12-31,2.1201
2026-01-02,2.117
2026-01-05,2.1375
2026-01-06,2.079
2026-01-07,2.0687
2026-01-08,2.1445
2026-01-09,2.1262
2026-01-12,2.1605
2026-01-13,2.2345
2026-01-14,2.2541
2026-01-15,2.2073
2026-01-16,2.2319
2026-01-20,2.3132
2026-01-21,2.4054
2026-01-22,2.3808
2026-01-23,2.4574
2026-01-26,2.5712
2026-01-27,2.6373
2026-01-28,2.6263
2026-01-29,2.6158
2026-01-30,2.7671
2026-02-02,2.3673
2026-02-03,2.4385
2026-02-04,2.44
2026-02-05,2.3899
2026-02-06,2.4096
2026-02-09,2.4201
2026-02-10,2.4016
2026-02-11,2.4478
2026-02-12,2.396
2026-02-13,2.3841
2026-02-17,2.3908
2026-02-18,2.5185
2026-02-19,2.6206
2026-02-20,2.5804
2026-02-23,2.6854
2026-02-24,2.7181
2026-02-25,2.6727
2026-02-26,2.6325
2026-02-27,2.6355
2026-03-02,2.931
2026-03-03,3.1893
2026-03-04,3.3567
2026-03-05,3.4531
2026-03-06,3.65
2026-03-09,3.3193
2026-03-10,3.3985
2026-03-11,3.781
2026-03-12,3.9502
2026-03-13,3.9902
2026-03-16,3.8483
2026-03-17,3.9958
2026-03-18,4.3786
2026-03-19,4.36
2026-03-20,4.6715
2026-03-23,4.1316
2026-03-24,4.1639
2026-03-25,4.019
2026-03-26,4.2491
2026-03-27,4.5878
2026-03-30,4.444
2026-03-31,4.1725
2026-04-01,4.0463
2026-04-02,4.4315
2026-04-03,4.4315
2026-04-06,4.3646
2026-04-07,4.3013
2026-04-08,3.8751
2026-04-09,3.9438
2026-04-10,3.7421
2026-04-13,3.7872
2026-04-14,3.6467
2026-04-15,3.7674
2026-04-16,3.8249
2026-04-17,3.4376
2026-04-20,3.5316
2026-04-21,3.8001
2026-04-22,3.933
2026-04-23,4.013
2026-04-24,3.9518
2026-04-27,3.9403
2026-04-28,3.9716
2026-04-29,4.215
2026-04-30,4.1543
2026-05-01,3.975
2026-05-04,4.0458
2026-05-05,4.0767
2026-05-06,3.7806
2026-05-07,3.9311
2026-05-08,3.8839
2026-05-11,3.9861
2026-05-12,4.1309
2026-05-13,3.959
2026-05-14,3.9292
2026-05-15,4.0427
2026-05-18,4.0457
2026-05-19,4.1513
2026-05-20,3.9547
2026-05-21,3.8892
2026-05-22,3.9224
2026-05-26,3.7015
2026-05-27,3.6119
2026-05-28,3.618
2026-05-29,3.5328
2026-06-01,3.6493
2026-06-02,3.6756
2026-06-03,3.8392
2026-06-04,3.6716
